Name,Aliases,Currency,NewDate,New,OldDate,Old,Delta,PctDelta,AgeDays,Stale,Failed
IE0008368742,,USD,2026-10-06,186.54,2026-10-05,185.90,0.64,+0.34,1,False,False
IE00B0M63516,,USD,2026-10-06,33.81,2026-10-05,34.14,-0.33,-0.97,1,False,False
GB00B1FXTF86,,GBP,2026-10-06,6.97,2026-10-05,6.93,0.04,+0.58,1,False,False
LU0196696453,,USD,2026-10-06,24.12,2026-10-05,24.42,-0.3,-1.23,1,False,False
MU0129U00005,,USD,2026-10-05,292.61,2026-09-30,293.79,-1.18,-0.40,2,False,False
LU0164881194,,USD,2026-10-06,277.37,2026-10-05,275.46,1.91,+0.69,1,False,False
0P00000YAN,JFM0003373,USD,2026-10-05,190.14,2026-10-02,188.99,1.15,+0.61,2,False,False
SGLN.L,,GBp,2026-10-06,6084,2026-10-05,6074,10,+0.16,1,False,False
DPYG.L,,GBP,2026-10-06,4.948,2026-10-05,4.9065,0.0415,+0.85,1,False,False
IDTG.L,,GBP,2026-10-06,2.6605,2026-10-05,2.6375,0.023,+0.87,1,False,False
QQQ,,USD,2026-10-06,759.66,2026-10-05,756.2,3.46,+0.46,1,False,False
BCHS.L,,GBp,2026-10-06,14459,2026-10-05,14352,107,+0.75,1,False,False
GRAB,,USD,2026-10-06,3.07,2026-10-05,3.17,-0.1,-3.15,1,False,False
KNSL,,USD,2026-10-06,336.45,2026-10-05,332.42,4.03,+1.21,1,False,False
CNX1.L,,GBp,2026-10-06,135530,2026-10-05,134680,850,+0.63,1,False,False
IWDG.L,,GBp,2026-10-06,1279,2026-10-05,1266.5,12.5,+0.99,1,False,False
QNTG.L,,GBP,2026-10-06,22.39,2026-10-05,22.205,0.185,+0.83,1,False,False
ISPE.L,,GBP,2026-10-06,7.449,2026-10-05,7.372,0.077,+1.04,1,False,False
GHYS.L,,GBP,2026-10-06,86.82,2026-10-05,86.515,0.305,+0.35,1,False,False
EWQX.L,,GBp,2026-10-06,630.65,2026-10-05,625.2,5.45,+0.87,1,False,False
IUAG.L,,USD,2026-10-06,90.12,2026-10-05,89.86,0.26,+0.29,1,False,False
FLOS.L,,GBp,2026-10-06,480.1,2026-10-05,479.975,0.125,+0.03,1,False,False
0639.HK,,HKD,2026-10-06,2.76,2026-10-05,2.75,0.01,+0.36,1,False,False
INXG.L,,GBP,2026-10-06,10.818,2026-10-05,10.804,0.014,+0.13,1,False,False
IGLS.L,,GBP,2026-10-06,125.2,2026-10-05,125.08,0.12,+0.10,1,False,False
IGWD.L,,GBp,2026-10-06,13660,2026-10-05,13525,135,+1.00,1,False,False
NZDGBP,,,2026-10-07,0.423100,2026-10-06,0.423410,-0.000310,-0.07,0,False,False
SGDGBP,,,2026-10-07,0.589690,2026-10-06,0.591110,-0.001420,-0.24,0,False,False
USDGBP,,,2026-10-07,0.753940,2026-10-06,0.756510,-0.002570,-0.34,0,False,False
HKDGBP,,,2026-10-07,0.096030,2026-10-06,0.096404,-0.000374,-0.39,0,False,False
