Fund,Date,Price,Currency
0639.HK,2026-06-25,2.29,HKD
0P00000YAN,2026-06-25,183.79,USD
BCHS.L,2026-06-25,13876,GBp
CNX1.L,2026-06-25,127550,GBp
DPYG.L,2026-06-25,5.361,GBP
EWQX.L,2026-06-25,612.55,GBp
FLOS.L,2026-06-25,474.625,GBp
GB00B1FXTF86,2026-06-25,7.52,GBP
GHYS.L,2026-06-25,89.515,GBP
GRAB,2026-06-25,3.46,USD
IDTG.L,2026-06-25,2.9585,GBP
IE0008368742,2026-06-25,193.46,USD
IE00B0M63516,2026-06-25,27.76,USD
IGLS.L,2026-06-25,127.83,GBP
IGWD.L,2026-06-25,12971,GBp
INXG.L,2026-06-25,11.054,GBP
ISPE.L,2026-06-25,7.4175,GBP
IUAG.L,2026-06-25,93.83,USD
IWDG.L,2026-06-25,1220.5,GBp
JFM0003373,2026-06-25,183.79,USD
KNSL,2026-06-25,308.43,USD
LU0164881194,2026-06-25,290.23,USD
LU0196696453,2026-06-25,19.67,USD
MU0129U00005,2026-06-25,308.97,USD
QNTG.L,2026-06-25,22.79,GBP
QQQ,2026-06-25,716.38,USD
SGLN.L,2026-06-25,5910,GBp
0639.HK,2026-06-26,2.11,HKD
0P00000YAN,2026-06-26,182.96,USD
BCHS.L,2026-06-26,13992,GBp
CNX1.L,2026-06-26,127340,GBp
DPYG.L,2026-06-26,5.4345,GBP
EWQX.L,2026-06-26,611.2,GBp
FLOS.L,2026-06-26,474.8,GBp
GHYS.L,2026-06-26,89.5,GBP
GRAB,2026-06-26,3.55,USD
IDTG.L,2026-06-26,2.9525,GBP
IE0008368742,2026-06-26,188.25,USD
IE00B0M63516,2026-06-26,28.05,USD
IGLS.L,2026-06-26,127.73,GBP
IGWD.L,2026-06-26,12968,GBp
INXG.L,2026-06-26,10.954,GBP
ISPE.L,2026-06-26,7.438,GBP
IUAG.L,2026-06-26,93.75,USD
IWDG.L,2026-06-26,1218.5,GBp
JFM0003373,2026-06-26,182.96,USD
KNSL,2026-06-26,328.43,USD
LU0196696453,2026-06-26,19.82,USD
QNTG.L,2026-06-26,22.705,GBP
QQQ,2026-06-26,706.52,USD
SGLN.L,2026-06-26,5994,GBp
0639.HK,2026-06-29,2.18,HKD
0P00000YAN,2026-06-29,184.72,USD
BCHS.L,2026-06-29,13826,GBp
CNX1.L,2026-06-29,127680,GBp
DPYG.L,2026-06-29,5.4005,GBP
EWQX.L,2026-06-29,614.1,GBp
FLOS.L,2026-06-29,474.7,GBp
GB00B1FXTF86,2026-06-29,7.45,GBP
GHYS.L,2026-06-29,89.16,GBP
GRAB,2026-06-29,3.74,USD
IDTG.L,2026-06-29,2.95,GBP
IE0008368742,2026-06-29,191.38,USD
IE00B0M63516,2026-06-29,27.84,USD
IGLS.L,2026-06-29,127.79,GBP
IGWD.L,2026-06-29,13011,GBp
INXG.L,2026-06-29,10.998,GBP
ISPE.L,2026-06-29,7.417,GBP
IUAG.L,2026-06-29,93.65,USD
IWDG.L,2026-06-29,1222,GBp
JFM0003373,2026-06-29,184.72,USD
KNSL,2026-06-29,332.02,USD
LU0164881194,2026-06-29,289.38,USD
LU0196696453,2026-06-29,19.81,USD
MU0129U00005,2026-06-29,307.64,USD
QNTG.L,2026-06-29,22.575,GBP
QQQ,2026-06-29,724.08,USD
SGLN.L,2026-06-29,5887,GBp
0639.HK,2026-06-30,2.16,HKD
0P00000YAN,2026-06-30,184.16,USD
BCHS.L,2026-06-30,13838,GBp
CNX1.L,2026-06-30,130520,GBp
DPYG.L,2026-06-30,5.364,GBP
EWQX.L,2026-06-30,622.6,GBp
FLOS.L,2026-06-30,475.25,GBp
GB00B1FXTF86,2026-06-30,7.45,GBP
GHYS.L,2026-06-30,89.34,GBP
GRAB,2026-06-30,3.77,USD
IDTG.L,2026-06-30,2.9385,GBP
IE0008368742,2026-06-30,193.73,USD
IE00B0M63516,2026-06-30,27.76,USD
IGLS.L,2026-06-30,127.72,GBP
IGWD.L,2026-06-30,13133,GBp
INXG.L,2026-06-30,10.94,GBP
ISPE.L,2026-06-30,7.431,GBP
IUAG.L,2026-06-30,93.51,USD
IWDG.L,2026-06-30,1233,GBp
JFM0003373,2026-06-30,184.16,USD
KNSL,2026-06-30,329.81,USD
LU0164881194,2026-06-30,288.53,USD
LU0196696453,2026-06-30,19.63,USD
MU0129U00005,2026-06-30,306.62,USD
QNTG.L,2026-06-30,23.07,GBP
QQQ,2026-06-30,736.4,USD
SGLN.L,2026-06-30,5895,GBp
BCHS.L,2026-07-01,13710,GBp
CNX1.L,2026-07-01,130040,GBp
DPYG.L,2026-07-01,5.352,GBP
EWQX.L,2026-07-01,623.5,GBp
FLOS.L,2026-07-01,475.25,GBp
GB00B1FXTF86,2026-07-01,7.43,GBP
GHYS.L,2026-07-01,89.48,GBP
GRAB,2026-07-01,3.89,USD
IDTG.L,2026-07-01,2.9055,GBP
IE00B0M63516,2026-07-01,27.69,USD
IGLS.L,2026-07-01,127.78,GBP
IGWD.L,2026-07-01,13177,GBp
INXG.L,2026-07-01,10.932,GBP
ISPE.L,2026-07-01,7.49,GBP
IUAG.L,2026-07-01,93.26,USD
IWDG.L,2026-07-01,1237.5,GBp
KNSL,2026-07-01,345.27,USD
LU0164881194,2026-07-01,290.77,USD
LU0196696453,2026-07-01,19.62,USD
QNTG.L,2026-07-01,22.96,GBP
QQQ,2026-07-01,725.17,USD
SGLN.L,2026-07-01,5960,GBp
0639.HK,2026-07-02,2.18,HKD
0P00000YAN,2026-07-02,185.93,USD
BCHS.L,2026-07-02,13368,GBp
CNX1.L,2026-07-02,126840,GBp
DPYG.L,2026-07-02,5.392,GBP
EWQX.L,2026-07-02,611.2,GBp
FLOS.L,2026-07-02,475.25,GBp
GB00B1FXTF86,2026-07-02,7.41,GBP
GHYS.L,2026-07-02,89.36,GBP
GRAB,2026-07-02,3.9,USD
IDTG.L,2026-07-02,2.907,GBP
IE0008368742,2026-07-02,194.23,USD
IE00B0M63516,2026-07-02,27.79,USD
IGLS.L,2026-07-02,127.82,GBP
IGWD.L,2026-07-02,13162,GBp
INXG.L,2026-07-02,10.928,GBP
ISPE.L,2026-07-02,7.496,GBP
IUAG.L,2026-07-02,93.35,USD
IWDG.L,2026-07-02,1236,GBp
JFM0003373,2026-07-02,185.93,USD
KNSL,2026-07-02,354.85,USD
LU0164881194,2026-07-02,292.14,USD
LU0196696453,2026-07-02,19.77,USD
MU0129U00005,2026-07-02,309.87,USD
QNTG.L,2026-07-02,22.51,GBP
QQQ,2026-07-02,712.6,USD
SGLN.L,2026-07-02,5991,GBp
0639.HK,2026-07-03,2.22,HKD
BCHS.L,2026-07-03,13368,GBp
CNX1.L,2026-07-03,127530,GBp
DPYG.L,2026-07-03,5.375,GBP
EWQX.L,2026-07-03,614.85,GBp
FLOS.L,2026-07-03,475.325,GBp
GB00B1FXTF86,2026-07-03,7.40,GBP
GHYS.L,2026-07-03,89.5,GBP
IDTG.L,2026-07-03,2.897,GBP
IE0008368742,2026-07-03,196.07,USD
IE00B0M63516,2026-07-03,28.23,USD
IGLS.L,2026-07-03,127.82,GBP
IGWD.L,2026-07-03,13209,GBp
INXG.L,2026-07-03,10.888,GBP
ISPE.L,2026-07-03,7.494,GBP
IUAG.L,2026-07-03,93.4,USD
IWDG.L,2026-07-03,1240,GBp
LU0164881194,2026-07-03,293.37,USD
LU0196696453,2026-07-03,19.99,USD
MU0129U00005,2026-07-03,310.27,USD
QNTG.L,2026-07-03,22.675,GBP
SGLN.L,2026-07-03,6053,GBp
0639.HK,2026-07-06,2.25,HKD
0P00000YAN,2026-07-06,187.55,USD
BCHS.L,2026-07-06,13714,GBp
CNX1.L,2026-07-06,128170,GBp
DPYG.L,2026-07-06,5.393,GBP
EWQX.L,2026-07-06,614.6,GBp
FLOS.L,2026-07-06,475.425,GBp
GB00B1FXTF86,2026-07-06,7.43,GBP
GHYS.L,2026-07-06,89.62,GBP
GRAB,2026-07-06,3.85,USD
IDTG.L,2026-07-06,2.89325,GBP
IE0008368742,2026-07-06,197.68,USD
IE00B0M63516,2026-07-06,27.95,USD
IGLS.L,2026-07-06,127.83,GBP
IGWD.L,2026-07-06,13246,GBp
INXG.L,2026-07-06,10.878,GBP
ISPE.L,2026-07-06,7.499,GBP
IUAG.L,2026-07-06,93.24,USD
IWDG.L,2026-07-06,1245,GBp
JFM0003373,2026-07-06,187.55,USD
KNSL,2026-07-06,347.23,USD
LU0164881194,2026-07-06,294.69,USD
LU0196696453,2026-07-06,19.76,USD
MU0129U00005,2026-07-06,310.16,USD
QNTG.L,2026-07-06,22.85,GBP
QQQ,2026-07-06,722.82,USD
SGLN.L,2026-07-06,6026,GBp
0639.HK,2026-07-07,2.22,HKD
0P00000YAN,2026-07-07,188.88,USD
BCHS.L,2026-07-07,13230,GBp
CNX1.L,2026-07-07,124730,GBp
DPYG.L,2026-07-07,5.451,GBP
EWQX.L,2026-07-07,604.9,GBp
FLOS.L,2026-07-07,475.45,GBp
GB00B1FXTF86,2026-07-07,7.42,GBP
GHYS.L,2026-07-07,89.715,GBP
GRAB,2026-07-07,3.93,USD
IDTG.L,2026-07-07,2.8795,GBP
IE0008368742,2026-07-07,194.58,USD
IE00B0M63516,2026-07-07,27.98,USD
IGLS.L,2026-07-07,127.7,GBP
IGWD.L,2026-07-07,13150,GBp
INXG.L,2026-07-07,10.806,GBP
ISPE.L,2026-07-07,7.502,GBP
IUAG.L,2026-07-07,93.06,USD
IWDG.L,2026-07-07,1235,GBp
JFM0003373,2026-07-07,188.88,USD
KNSL,2026-07-07,348.73,USD
LU0164881194,2026-07-07,295.28,USD
LU0196696453,2026-07-07,19.90,USD
MU0129U00005,2026-07-07,311.90,USD
QNTG.L,2026-07-07,21.9,GBP
QQQ,2026-07-07,709.43,USD
SGLN.L,2026-07-07,6008,GBp
0639.HK,2026-07-08,2.17,HKD
0P00000YAN,2026-07-08,188.14,USD
BCHS.L,2026-07-08,13054,GBp
CNX1.L,2026-07-08,124120,GBp
DPYG.L,2026-07-08,5.364,GBP
EWQX.L,2026-07-08,597.95,GBp
FLOS.L,2026-07-08,475.625,GBp
GB00B1FXTF86,2026-07-08,7.27,GBP
GHYS.L,2026-07-08,89.605,GBP
GRAB,2026-07-08,3.81,USD
IDTG.L,2026-07-08,2.8515,GBP
IE0008368742,2026-07-08,194.94,USD
IE00B0M63516,2026-07-08,27.68,USD
IGLS.L,2026-07-08,127.3,GBP
IGWD.L,2026-07-08,13046,GBp
INXG.L,2026-07-08,10.722,GBP
ISPE.L,2026-07-08,7.393,GBP
IUAG.L,2026-07-08,92.63,USD
IWDG.L,2026-07-08,1225,GBp
JFM0003373,2026-07-08,188.14,USD
KNSL,2026-07-08,345.96,USD
LU0164881194,2026-07-08,287.59,USD
LU0196696453,2026-07-08,19.56,USD
MU0129U00005,2026-07-08,302.96,USD
QNTG.L,2026-07-08,21.575,GBP
QQQ,2026-07-08,711.44,USD
SGLN.L,2026-07-08,5846,GBp
0639.HK,2026-07-09,2.16,HKD
0P00000YAN,2026-07-09,190.76,USD
BCHS.L,2026-07-09,13592,GBp
CNX1.L,2026-07-09,127090,GBp
DPYG.L,2026-07-09,5.374,GBP
EWQX.L,2026-07-09,610.5,GBp
FLOS.L,2026-07-09,475.725,GBp
GB00B1FXTF86,2026-07-09,7.32,GBP
GHYS.L,2026-07-09,89.69,GBP
GRAB,2026-07-09,3.88,USD
IDTG.L,2026-07-09,2.8645,GBP
IE0008368742,2026-07-09,193.71,USD
IE00B0M63516,2026-07-09,28.13,USD
IGLS.L,2026-07-09,127.56,GBP
IGWD.L,2026-07-09,13201.5,GBp
INXG.L,2026-07-09,10.772,GBP
ISPE.L,2026-07-09,7.47,GBP
IUAG.L,2026-07-09,92.89,USD
IWDG.L,2026-07-09,1240,GBp
JFM0003373,2026-07-09,190.76,USD
KNSL,2026-07-09,338.58,USD
LU0164881194,2026-07-09,291.12,USD
LU0196696453,2026-07-09,19.96,USD
MU0129U00005,2026-07-09,305.37,USD
QNTG.L,2026-07-09,21.92,GBP
QQQ,2026-07-09,723.28,USD
SGLN.L,2026-07-09,5974,GBp
0639.HK,2026-07-10,2.15,HKD
0P00000YAN,2026-07-10,192.11,USD
BCHS.L,2026-07-10,13540,GBp
CNX1.L,2026-07-10,127390,GBp
DPYG.L,2026-07-10,5.362,GBP
EWQX.L,2026-07-10,609.15,GBp
FLOS.L,2026-07-10,475.7,GBp
GB00B1FXTF86,2026-07-10,7.37,GBP
GHYS.L,2026-07-10,89.72,GBP
GRAB,2026-07-10,3.93,USD
IDTG.L,2026-07-10,2.871,GBP
IE0008368742,2026-07-10,193.21,USD
IE00B0M63516,2026-07-10,28.85,USD
IGLS.L,2026-07-10,127.64,GBP
IGWD.L,2026-07-10,13244,GBp
INXG.L,2026-07-10,10.806,GBP
ISPE.L,2026-07-10,7.481,GBP
IUAG.L,2026-07-10,92.945,USD
IWDG.L,2026-07-10,1243.5,GBp
JFM0003373,2026-07-10,192.11,USD
KNSL,2026-07-10,340.57,USD
LU0164881194,2026-07-10,294.92,USD
LU0196696453,2026-07-10,20.47,USD
MU0129U00005,2026-07-10,309.40,USD
QNTG.L,2026-07-10,21.74,GBP
QQQ,2026-07-10,725.51,USD
SGLN.L,2026-07-10,5929,GBp
0639.HK,2026-07-13,2.18,HKD
0P00000YAN,2026-07-13,192.05,USD
BCHS.L,2026-07-13,13276,GBp
CNX1.L,2026-07-13,126600,GBp
DPYG.L,2026-07-13,5.384,GBP
EWQX.L,2026-07-13,607.2,GBp
FLOS.L,2026-07-13,475.95,GBp
GB00B1FXTF86,2026-07-13,7.35,GBP
GHYS.L,2026-07-13,89.59,GBP
GRAB,2026-07-13,3.94,USD
IDTG.L,2026-07-13,2.8515,GBP
IE0008368742,2026-07-13,190.86,USD
IE00B0M63516,2026-07-13,28.79,USD
IGLS.L,2026-07-13,127.33,GBP
IGWD.L,2026-07-13,13228,GBp
INXG.L,2026-07-13,10.768,GBP
ISPE.L,2026-07-13,7.495,GBP
IUAG.L,2026-07-13,92.55,USD
IWDG.L,2026-07-13,1243,GBp
JFM0003373,2026-07-13,192.05,USD
KNSL,2026-07-13,344.96,USD
LU0164881194,2026-07-13,292.58,USD
LU0196696453,2026-07-13,20.39,USD
MU0129U00005,2026-07-13,308.68,USD
QNTG.L,2026-07-13,21.33,GBP
QQQ,2026-07-13,711.74,USD
SGLN.L,2026-07-13,5824,GBp
0639.HK,2026-07-14,2.24,HKD
0P00000YAN,2026-07-14,192.29,USD
BCHS.L,2026-07-14,13392,GBp
CNX1.L,2026-07-14,127120,GBp
DPYG.L,2026-07-14,5.402,GBP
EWQX.L,2026-07-14,605.6,GBp
FLOS.L,2026-07-14,476.025,GBp
GB00B1FXTF86,2026-07-14,7.25,GBP
GHYS.L,2026-07-14,89.41,GBP
GRAB,2026-07-14,3.8,USD
IDTG.L,2026-07-14,2.86,GBP
IE0008368742,2026-07-14,191.12,USD
IE00B0M63516,2026-07-14,29.05,USD
IGLS.L,2026-07-14,127.39,GBP
IGWD.L,2026-07-14,13238,GBp
INXG.L,2026-07-14,10.76,GBP
ISPE.L,2026-07-14,7.457,GBP
IUAG.L,2026-07-14,92.86,USD
IWDG.L,2026-07-14,1243.5,GBp
JFM0003373,2026-07-14,192.29,USD
KNSL,2026-07-14,337.14,USD
LU0164881194,2026-07-14,288.93,USD
LU0196696453,2026-07-14,20.57,USD
MU0129U00005,2026-07-14,304.46,USD
QNTG.L,2026-07-14,21.095,GBP
QQQ,2026-07-14,719.69,USD
SGLN.L,2026-07-14,5914,GBp
0639.HK,2026-07-15,2.32,HKD
0P00000YAN,2026-07-15,193.39,USD
BCHS.L,2026-07-15,13294,GBp
CNX1.L,2026-07-15,125340,GBp
DPYG.L,2026-07-15,5.39,GBP
EWQX.L,2026-07-15,597,GBp
FLOS.L,2026-07-15,475.4,GBp
GB00B1FXTF86,2026-07-15,7.30,GBP
GHYS.L,2026-07-15,89.53,GBP
GRAB,2026-07-15,3.82,USD
IDTG.L,2026-07-15,2.863,GBP
IE0008368742,2026-07-15,193.40,USD
IE00B0M63516,2026-07-15,29.11,USD
IGLS.L,2026-07-15,127.46,GBP
IGWD.L,2026-07-15,13254,GBp
INXG.L,2026-07-15,10.828,GBP
ISPE.L,2026-07-15,7.46,GBP
IUAG.L,2026-07-15,92.85,USD
IWDG.L,2026-07-15,1245.5,GBp
JFM0003373,2026-07-15,193.39,USD
KNSL,2026-07-15,319.61,USD
LU0164881194,2026-07-15,289.93,USD
LU0196696453,2026-07-15,20.51,USD
MU0129U00005,2026-07-15,305.76,USD
QNTG.L,2026-07-15,20.665,GBP
QQQ,2026-07-15,717.74,USD
SGLN.L,2026-07-15,5819,GBp
0639.HK,2026-07-16,2.35,HKD
0P00000YAN,2026-07-16,192.62,USD
BCHS.L,2026-07-16,13024,GBp
CNX1.L,2026-07-16,124570,GBp
DPYG.L,2026-07-16,5.486,GBP
EWQX.L,2026-07-16,595.9,GBp
FLOS.L,2026-07-16,475.775,GBp
GB00B1FXTF86,2026-07-16,7.18,GBP
GHYS.L,2026-07-16,88.66,GBP
GRAB,2026-07-16,3.73,USD
IDTG.L,2026-07-16,2.85,GBP
IE0008368742,2026-07-16,194.29,USD
IE00B0M63516,2026-07-16,28.89,USD
IGLS.L,2026-07-16,124.94,GBP
IGWD.L,2026-07-16,13261,GBp
INXG.L,2026-07-16,10.772,GBP
ISPE.L,2026-07-16,7.509,GBP
IUAG.L,2026-07-16,92.69,USD
IWDG.L,2026-07-16,1240.5,GBp
JFM0003373,2026-07-16,192.62,USD
KNSL,2026-07-16,335.52,USD
LU0164881194,2026-07-16,288.46,USD
LU0196696453,2026-07-16,20.29,USD
MU0129U00005,2026-07-16,305.20,USD
QNTG.L,2026-07-16,20.255,GBP
QQQ,2026-07-16,705.94,USD
SGLN.L,2026-07-16,5776,GBp
0639.HK,2026-07-17,2.27,HKD
0P00000YAN,2026-07-17,192.19,USD
BCHS.L,2026-07-17,12486,GBp
CNX1.L,2026-07-17,121960,GBp
DPYG.L,2026-07-17,5.515,GBP
EWQX.L,2026-07-17,588.25,GBp
FLOS.L,2026-07-17,475.5,GBp
GB00B1FXTF86,2026-07-17,7.25,GBP
GHYS.L,2026-07-17,88.4,GBP
GRAB,2026-07-17,3.57,USD
IDTG.L,2026-07-17,2.873,GBP
IE0008368742,2026-07-17,188.67,USD
IE00B0M63516,2026-07-17,28.67,USD
IGLS.L,2026-07-17,125,GBP
IGWD.L,2026-07-17,13105,GBp
INXG.L,2026-07-17,10.776,GBP
ISPE.L,2026-07-17,7.481,GBP
IUAG.L,2026-07-17,92.985,USD
IWDG.L,2026-07-17,1226.5,GBp
JFM0003373,2026-07-17,192.19,USD
KNSL,2026-07-17,343.99,USD
LU0164881194,2026-07-17,290.65,USD
LU0196696453,2026-07-17,20.12,USD
MU0129U00005,2026-07-17,306.66,USD
QNTG.L,2026-07-17,19.848,GBP
QQQ,2026-07-17,695.33,USD
SGLN.L,2026-07-17,5783,GBp
0639.HK,2026-07-20,2.4,HKD
0P00000YAN,2026-07-20,191.94,USD
BCHS.L,2026-07-20,13054,GBp
CNX1.L,2026-07-20,123440,GBp
DPYG.L,2026-07-20,5.473,GBP
EWQX.L,2026-07-20,593.3,GBp
FLOS.L,2026-07-20,476,GBp
GB00B1FXTF86,2026-07-20,7.21,GBP
GHYS.L,2026-07-20,88.22,GBP
GRAB,2026-07-20,3.62,USD
IDTG.L,2026-07-20,2.8485,GBP
IE0008368742,2026-07-20,191.38,USD
IE00B0M63516,2026-07-20,28.84,USD
IGLS.L,2026-07-20,124.87,GBP
IGWD.L,2026-07-20,13110,GBp
INXG.L,2026-07-20,10.696,GBP
ISPE.L,2026-07-20,7.44,GBP
IUAG.L,2026-07-20,92.64,USD
IWDG.L,2026-07-20,1228,GBp
JFM0003373,2026-07-20,191.94,USD
KNSL,2026-07-20,350.13,USD
LU0164881194,2026-07-20,288.50,USD
LU0196696453,2026-07-20,20.22,USD
MU0129U00005,2026-07-20,305.68,USD
QNTG.L,2026-07-20,20.27,GBP
QQQ,2026-07-20,696.06,USD
SGLN.L,2026-07-20,5801,GBp
0639.HK,2026-07-21,2.33,HKD
0P00000YAN,2026-07-21,192.59,USD
BCHS.L,2026-07-21,13710,GBp
CNX1.L,2026-07-21,125060,GBp
DPYG.L,2026-07-21,5.505,GBP
EWQX.L,2026-07-21,598.55,GBp
FLOS.L,2026-07-21,476.05,GBp
GB00B1FXTF86,2026-07-21,7.25,GBP
GHYS.L,2026-07-21,88.26,GBP
GRAB,2026-07-21,3.5,USD
IDTG.L,2026-07-21,2.8385,GBP
IE0008368742,2026-07-21,194.67,USD
IE00B0M63516,2026-07-21,28.79,USD
IGLS.L,2026-07-21,124.9,GBP
IGWD.L,2026-07-21,13162,GBp
INXG.L,2026-07-21,10.734,GBP
ISPE.L,2026-07-21,7.432,GBP
IUAG.L,2026-07-21,92.49,USD
IWDG.L,2026-07-21,1233,GBp
JFM0003373,2026-07-21,192.59,USD
KNSL,2026-07-21,339.46,USD
LU0164881194,2026-07-21,289.31,USD
LU0196696453,2026-07-21,20.08,USD
MU0129U00005,2026-07-21,305.43,USD
QNTG.L,2026-07-21,20.65,GBP
QQQ,2026-07-21,708.97,USD
SGLN.L,2026-07-21,5913,GBp
0639.HK,2026-07-22,2.39,HKD
0P00000YAN,2026-07-22,192.58,USD
BCHS.L,2026-07-22,13730,GBp
CNX1.L,2026-07-22,125100,GBp
DPYG.L,2026-07-22,5.4855,GBP
EWQX.L,2026-07-22,597.6,GBp
FLOS.L,2026-07-22,476,GBp
GB00B1FXTF86,2026-07-22,7.21,GBP
GHYS.L,2026-07-22,88.12,GBP
GRAB,2026-07-22,3.35,USD
IDTG.L,2026-07-22,2.837,GBP
IE0008368742,2026-07-22,192.49,USD
IE00B0M63516,2026-07-22,29.34,USD
IGLS.L,2026-07-22,124.83,GBP
IGWD.L,2026-07-22,13200,GBp
INXG.L,2026-07-22,10.752,GBP
ISPE.L,2026-07-22,7.44,GBP
IUAG.L,2026-07-22,92.42,USD
IWDG.L,2026-07-22,1235.5,GBp
JFM0003373,2026-07-22,192.58,USD
KNSL,2026-07-22,325.64,USD
LU0164881194,2026-07-22,284.84,USD
LU0196696453,2026-07-22,20.46,USD
MU0129U00005,2026-07-22,300.76,USD
QNTG.L,2026-07-22,20.67,GBP
QQQ,2026-07-22,705.35,USD
SGLN.L,2026-07-22,6031,GBp
0639.HK,2026-07-23,2.44,HKD
0P00000YAN,2026-07-23,191.4,USD
BCHS.L,2026-07-23,13594,GBp
CNX1.L,2026-07-23,122400,GBp
DPYG.L,2026-07-23,5.472,GBP
EWQX.L,2026-07-23,589.35,GBp
FLOS.L,2026-07-23,476.075,GBp
GB00B1FXTF86,2026-07-23,7.17,GBP
GHYS.L,2026-07-23,88.07,GBP
GRAB,2026-07-23,3.3,USD
IDTG.L,2026-07-23,2.816,GBP
IE0008368742,2026-07-23,194.57,USD
IE00B0M63516,2026-07-23,29.36,USD
IGLS.L,2026-07-23,124.65,GBP
IGWD.L,2026-07-23,12991,GBp
INXG.L,2026-07-23,10.676,GBP
ISPE.L,2026-07-23,7.398,GBP
IUAG.L,2026-07-23,91.96,USD
IWDG.L,2026-07-23,1218,GBp
JFM0003373,2026-07-23,191.4,USD
KNSL,2026-07-23,332.28,USD
LU0164881194,2026-07-23,282.44,USD
LU0196696453,2026-07-23,20.62,USD
MU0129U00005,2026-07-23,299.11,USD
QNTG.L,2026-07-23,19.952,GBP
QQQ,2026-07-23,691.96,USD
SGLN.L,2026-07-23,5900,GBp
0639.HK,2026-07-24,2.33,HKD
0P00000YAN,2026-07-24,191.57,USD
BCHS.L,2026-07-24,13374,GBp
CNX1.L,2026-07-24,121980,GBp
DPYG.L,2026-07-24,5.568,GBP
EWQX.L,2026-07-24,589.7,GBp
FLOS.L,2026-07-24,475.95,GBp
GB00B1FXTF86,2026-07-24,7.18,GBP
GHYS.L,2026-07-24,87.71,GBP
GRAB,2026-07-24,3.31,USD
IDTG.L,2026-07-24,2.8385,GBP
IE0008368742,2026-07-24,190.93,USD
IE00B0M63516,2026-07-24,29.35,USD
IGLS.L,2026-07-24,124.95,GBP
IGWD.L,2026-07-24,13093,GBp
INXG.L,2026-07-24,10.73,GBP
ISPE.L,2026-07-24,7.478,GBP
IUAG.L,2026-07-24,92.47,USD
IWDG.L,2026-07-24,1226.5,GBp
JFM0003373,2026-07-24,191.57,USD
KNSL,2026-07-24,349.1,USD
LU0164881194,2026-07-24,282.68,USD
LU0196696453,2026-07-24,20.55,USD
MU0129U00005,2026-07-24,298.99,USD
QNTG.L,2026-07-24,19.996,GBP
QQQ,2026-07-24,684.23,USD
SGLN.L,2026-07-24,5924,GBp
0639.HK,2026-07-27,2.31,HKD
0P00000YAN,2026-07-27,192.16,USD
BCHS.L,2026-07-27,12988,GBp
CNX1.L,2026-07-27,120310,GBp
DPYG.L,2026-07-27,5.57,GBP
EWQX.L,2026-07-27,590.4,GBp
FLOS.L,2026-07-27,476.2,GBp
GB00B1FXTF86,2026-07-27,7.31,GBP
GHYS.L,2026-07-27,87.97,GBP
GRAB,2026-07-27,3.35,USD
IDTG.L,2026-07-27,2.841,GBP
IE0008368742,2026-07-27,192.76,USD
IE00B0M63516,2026-07-27,29.14,USD
IGLS.L,2026-07-27,125.02,GBP
IGWD.L,2026-07-27,13047,GBp
INXG.L,2026-07-27,10.76,GBP
ISPE.L,2026-07-27,7.497,GBP
IUAG.L,2026-07-27,92.43,USD
IWDG.L,2026-07-27,1221,GBp
JFM0003373,2026-07-27,192.16,USD
KNSL,2026-07-27,361.55,USD
LU0164881194,2026-07-27,288.36,USD
LU0196696453,2026-07-27,20.37,USD
MU0129U00005,2026-07-27,305.85,USD
QNTG.L,2026-07-27,20.28,GBP
QQQ,2026-07-27,682.12,USD
SGLN.L,2026-07-27,5940,GBp
0639.HK,2026-07-28,2.31,HKD
0P00000YAN,2026-07-28,191.86,USD
BCHS.L,2026-07-28,12912,GBp
CNX1.L,2026-07-28,120120,GBp
DPYG.L,2026-07-28,5.6065,GBP
EWQX.L,2026-07-28,594.8,GBp
FLOS.L,2026-07-28,476.225,GBp
GB00B1FXTF86,2026-07-28,7.33,GBP
GHYS.L,2026-07-28,88.015,GBP
GRAB,2026-07-28,3.45,USD
IDTG.L,2026-07-28,2.8555,GBP
IE0008368742,2026-07-28,190.13,USD
IE00B0M63516,2026-07-28,29.24,USD
IGLS.L,2026-07-28,125.12,GBP
IGWD.L,2026-07-28,13104,GBp
INXG.L,2026-07-28,10.73,GBP
ISPE.L,2026-07-28,7.614,GBP
IUAG.L,2026-07-28,92.63,USD
IWDG.L,2026-07-28,1228,GBp
JFM0003373,2026-07-28,191.86,USD
KNSL,2026-07-28,370.26,USD
LU0164881194,2026-07-28,289.58,USD
LU0196696453,2026-07-28,20.51,USD
MU0129U00005,2026-07-28,307.18,USD
QNTG.L,2026-07-28,20.175,GBP
QQQ,2026-07-28,675.49,USD
SGLN.L,2026-07-28,5879,GBp
0639.HK,2026-07-29,2.36,HKD
0P00000YAN,2026-07-29,193.68,USD
BCHS.L,2026-07-29,12422,GBp
CNX1.L,2026-07-29,118520,GBp
DPYG.L,2026-07-29,5.5705,GBP
EWQX.L,2026-07-29,591.85,GBp
FLOS.L,2026-07-29,476.425,GBp
GB00B1FXTF86,2026-07-29,7.36,GBP
GHYS.L,2026-07-29,87.8,GBP
GRAB,2026-07-29,3.35,USD
IDTG.L,2026-07-29,2.848,GBP
IE0008368742,2026-07-29,193.72,USD
IE00B0M63516,2026-07-29,28.84,USD
IGLS.L,2026-07-29,124.9,GBP
IGWD.L,2026-07-29,13004,GBp
INXG.L,2026-07-29,10.714,GBP
ISPE.L,2026-07-29,7.569,GBP
IUAG.L,2026-07-29,92.34,USD
IWDG.L,2026-07-29,1217.5,GBp
JFM0003373,2026-07-29,193.68,USD
KNSL,2026-07-29,376.67,USD
LU0164881194,2026-07-29,293.51,USD
LU0196696453,2026-07-29,20.18,USD
MU0129U00005,2026-07-29,311.32,USD
QNTG.L,2026-07-29,19.688,GBP
QQQ,2026-07-29,661.73,USD
SGLN.L,2026-07-29,5856,GBp
0639.HK,2026-07-30,2.38,HKD
0P00000YAN,2026-07-30,193.43,USD
BCHS.L,2026-07-30,12970,GBp
CNX1.L,2026-07-30,119360,GBp
DPYG.L,2026-07-30,5.515,GBP
EWQX.L,2026-07-30,583.55,GBp
FLOS.L,2026-07-30,476.575,GBp
GB00B1FXTF86,2026-07-30,7.31,GBP
GHYS.L,2026-07-30,88.43,GBP
GRAB,2026-07-30,3.4,USD
IDTG.L,2026-07-30,2.808,GBP
IE0008368742,2026-07-30,194.12,USD
IE00B0M63516,2026-07-30,29.21,USD
IGLS.L,2026-07-30,125.21,GBP
IGWD.L,2026-07-30,13043,GBp
INXG.L,2026-07-30,10.688,GBP
ISPE.L,2026-07-30,7.454,GBP
IUAG.L,2026-07-30,92.32,USD
IWDG.L,2026-07-30,1222,GBp
JFM0003373,2026-07-30,193.43,USD
KNSL,2026-07-30,355.87,USD
LU0164881194,2026-07-30,293.63,USD
LU0196696453,2026-07-30,20.43,USD
MU0129U00005,2026-07-30,310.98,USD
QNTG.L,2026-07-30,20.54,GBP
QQQ,2026-07-30,683.55,USD
SGLN.L,2026-07-30,5911,GBp
0639.HK,2026-07-31,2.39,HKD
0P00000YAN,2026-07-31,194.05,USD
BCHS.L,2026-07-31,12820,GBp
CNX1.L,2026-07-31,119700,GBp
DPYG.L,2026-07-31,5.4895,GBP
EWQX.L,2026-07-31,586.3,GBp
FLOS.L,2026-07-31,476.675,GBp
GB00B1FXTF86,2026-07-31,7.34,GBP
GHYS.L,2026-07-31,88.09,GBP
GRAB,2026-07-31,3.5,USD
IDTG.L,2026-07-31,2.785,GBP
IE0008368742,2026-07-31,196.08,USD
IE00B0M63516,2026-07-31,29.56,USD
IGLS.L,2026-07-31,125.02,GBP
IGWD.L,2026-07-31,13089,GBp
INXG.L,2026-07-31,10.69,GBP
ISPE.L,2026-07-31,7.483,GBP
IUAG.L,2026-07-31,92.09,USD
IWDG.L,2026-07-31,1225,GBp
JFM0003373,2026-07-31,194.05,USD
KNSL,2026-07-31,356.42,USD
LU0164881194,2026-07-31,294.40,USD
LU0196696453,2026-07-31,20.60,USD
MU0129U00005,2026-07-31,313.13,USD
QNTG.L,2026-07-31,20.57,GBP
QQQ,2026-07-31,687.99,USD
SGLN.L,2026-07-31,5819,GBp
0639.HK,2026-08-03,2.32,HKD
0P00000YAN,2026-08-03,194.26,USD
BCHS.L,2026-08-03,13060,GBp
CNX1.L,2026-08-03,122470,GBp
DPYG.L,2026-08-03,5.462,GBP
EWQX.L,2026-08-03,595.8,GBp
FLOS.L,2026-08-03,476.75,GBp
GB00B1FXTF86,2026-08-03,7.42,GBP
GHYS.L,2026-08-03,88.48,GBP
GRAB,2026-08-03,3.67,USD
IDTG.L,2026-08-03,2.7995,GBP
IE00B0M63516,2026-08-03,29.44,USD
IGLS.L,2026-08-03,125.31,GBP
IGWD.L,2026-08-03,13275,GBp
INXG.L,2026-08-03,10.782,GBP
ISPE.L,2026-08-03,7.559,GBP
IUAG.L,2026-08-03,92.2,USD
IWDG.L,2026-08-03,1243,GBp
JFM0003373,2026-08-03,194.26,USD
KNSL,2026-08-03,360.44,USD
LU0164881194,2026-08-03,298.34,USD
LU0196696453,2026-08-03,20.64,USD
MU0129U00005,2026-08-03,318.33,USD
QNTG.L,2026-08-03,21.405,GBP
QQQ,2026-08-03,700.07,USD
SGLN.L,2026-08-03,5826,GBp
0639.HK,2026-08-04,2.33,HKD
0P00000YAN,2026-08-04,194.5,USD
BCHS.L,2026-08-04,13216,GBp
CNX1.L,2026-08-04,126070,GBp
DPYG.L,2026-08-04,5.462,GBP
EWQX.L,2026-08-04,609.6,GBp
FLOS.L,2026-08-04,476.625,GBp
GB00B1FXTF86,2026-08-04,7.41,GBP
GHYS.L,2026-08-04,88.44,GBP
GRAB,2026-08-04,3.72,USD
IDTG.L,2026-08-04,2.816,GBP
IE0008368742,2026-08-04,197.92,USD
IE00B0M63516,2026-08-04,29.47,USD
IGLS.L,2026-08-04,125.49,GBP
IGWD.L,2026-08-04,13462,GBp
INXG.L,2026-08-04,10.834,GBP
ISPE.L,2026-08-04,7.64,GBP
IUAG.L,2026-08-04,92.68,USD
IWDG.L,2026-08-04,1261,GBp
JFM0003373,2026-08-04,194.5,USD
KNSL,2026-08-04,362.82,USD
LU0164881194,2026-08-04,297.17,USD
LU0196696453,2026-08-04,20.73,USD
MU0129U00005,2026-08-04,316.66,USD
QNTG.L,2026-08-04,21.84,GBP
QQQ,2026-08-04,723.85,USD
SGLN.L,2026-08-04,5883,GBp
0639.HK,2026-08-05,2.32,HKD
0P00000YAN,2026-08-05,194.63,USD
BCHS.L,2026-08-05,13080,GBp
CNX1.L,2026-08-05,126680,GBp
DPYG.L,2026-08-05,5.4485,GBP
EWQX.L,2026-08-05,610.85,GBp
FLOS.L,2026-08-05,476.65,GBp
GB00B1FXTF86,2026-08-05,7.46,GBP
GHYS.L,2026-08-05,88.37,GBP
GRAB,2026-08-05,3.74,USD
IDTG.L,2026-08-05,2.829,GBP
IE0008368742,2026-08-05,200.03,USD
IE00B0M63516,2026-08-05,29.39,USD
IGLS.L,2026-08-05,125.55,GBP
IGWD.L,2026-08-05,13544,GBp
INXG.L,2026-08-05,10.806,GBP
ISPE.L,2026-08-05,7.663,GBP
IUAG.L,2026-08-05,92.65,USD
IWDG.L,2026-08-05,1268.5,GBp
JFM0003373,2026-08-05,194.63,USD
KNSL,2026-08-05,370.97,USD
LU0164881194,2026-08-05,297.81,USD
LU0196696453,2026-08-05,20.69,USD
MU0129U00005,2026-08-05,316.16,USD
QNTG.L,2026-08-05,21.79,GBP
QQQ,2026-08-05,717.3,USD
SGLN.L,2026-08-05,6131,GBp
0639.HK,2026-08-06,2.38,HKD
0P00000YAN,2026-08-06,194.94,USD
BCHS.L,2026-08-06,12962,GBp
CNX1.L,2026-08-06,125710,GBp
DPYG.L,2026-08-06,5.438,GBP
EWQX.L,2026-08-06,606.7,GBp
FLOS.L,2026-08-06,476.55,GBp
GB00B1FXTF86,2026-08-06,7.41,GBP
GHYS.L,2026-08-06,88.58,GBP
GRAB,2026-08-06,3.67,USD
IDTG.L,2026-08-06,2.8165,GBP
IE0008368742,2026-08-06,197.69,USD
IE00B0M63516,2026-08-06,29.12,USD
IGLS.L,2026-08-06,125.46,GBP
IGWD.L,2026-08-06,13514,GBp
INXG.L,2026-08-06,10.796,GBP
ISPE.L,2026-08-06,7.637,GBP
IUAG.L,2026-08-06,92.44,USD
IWDG.L,2026-08-06,1266,GBp
JFM0003373,2026-08-06,194.94,USD
KNSL,2026-08-06,376.37,USD
LU0164881194,2026-08-06,298.31,USD
LU0196696453,2026-08-06,20.54,USD
MU0129U00005,2026-08-06,315.74,USD
QNTG.L,2026-08-06,21.54,GBP
QQQ,2026-08-06,714.65,USD
SGLN.L,2026-08-06,6127,GBp
0639.HK,2026-08-07,2.435,HKD
0P00000YAN,2026-08-07,196.64,USD
BCHS.L,2026-08-07,12870,GBp
CNX1.L,2026-08-07,126500,GBp
DPYG.L,2026-08-07,5.437,GBP
EWQX.L,2026-08-07,610.95,GBp
FLOS.L,2026-08-07,476.75,GBp
GB00B1FXTF86,2026-08-07,7.40,GBP
GHYS.L,2026-08-07,88.9,GBP
GRAB,2026-08-07,3.66,USD
IDTG.L,2026-08-07,2.8165,GBP
IE0008368742,2026-08-07,198.09,USD
IE00B0M63516,2026-08-07,28.63,USD
IGLS.L,2026-08-07,125.49,GBP
IGWD.L,2026-08-07,13597,GBp
INXG.L,2026-08-07,10.788,GBP
ISPE.L,2026-08-07,7.68,GBP
IUAG.L,2026-08-07,92.77,USD
IWDG.L,2026-08-07,1272.5,GBp
JFM0003373,2026-08-07,196.64,USD
KNSL,2026-08-07,373.76,USD
LU0164881194,2026-08-07,298.61,USD
LU0196696453,2026-08-07,20.05,USD
MU0129U00005,2026-08-07,313.27,USD
QNTG.L,2026-08-07,21.81,GBP
QQQ,2026-08-07,723.03,USD
SGLN.L,2026-08-07,6255,GBp
0639.HK,2026-08-10,2.615,HKD
BCHS.L,2026-08-10,12562,GBp
CNX1.L,2026-08-10,125890,GBp
DPYG.L,2026-08-10,5.366,GBP
EWQX.L,2026-08-10,611.4,GBp
FLOS.L,2026-08-10,476.85,GBp
GB00B1FXTF86,2026-08-10,7.39,GBP
GHYS.L,2026-08-10,88.49,GBP
GRAB,2026-08-10,3.67,USD
IDTG.L,2026-08-10,2.802,GBP
IE0008368742,2026-08-10,200.51,USD
IE00B0M63516,2026-08-10,28.49,USD
IGLS.L,2026-08-10,125.31,GBP
IGWD.L,2026-08-10,13604,GBp
INXG.L,2026-08-10,10.796,GBP
ISPE.L,2026-08-10,7.684,GBP
IUAG.L,2026-08-10,92.56,USD
IWDG.L,2026-08-10,1273,GBp
KNSL,2026-08-10,368.6,USD
LU0164881194,2026-08-10,298.58,USD
LU0196696453,2026-08-10,20.02,USD
MU0129U00005,2026-08-10,314.71,USD
QNTG.L,2026-08-10,22.145,GBP
QQQ,2026-08-10,720.87,USD
SGLN.L,2026-08-10,6239,GBp
0639.HK,2026-08-11,2.76,HKD
0P00000YAN,2026-08-11,199.62,USD
BCHS.L,2026-08-11,12736,GBp
CNX1.L,2026-08-11,125740,GBp
DPYG.L,2026-08-11,5.3645,GBP
EWQX.L,2026-08-11,613.8,GBp
FLOS.L,2026-08-11,476.875,GBp
GB00B1FXTF86,2026-08-11,7.34,GBP
GHYS.L,2026-08-11,88.34,GBP
GRAB,2026-08-11,3.74,USD
IDTG.L,2026-08-11,2.803,GBP
IE0008368742,2026-08-11,199.17,USD
IE00B0M63516,2026-08-11,27.67,USD
IGLS.L,2026-08-11,125.43,GBP
IGWD.L,2026-08-11,13588,GBp
INXG.L,2026-08-11,10.82,GBP
ISPE.L,2026-08-11,7.695,GBP
IUAG.L,2026-08-11,92.31,USD
IWDG.L,2026-08-11,1272.5,GBp
JFM0003373,2026-08-11,199.62,USD
KNSL,2026-08-11,374.6,USD
LU0164881194,2026-08-11,297.18,USD
LU0196696453,2026-08-11,19.60,USD
MU0129U00005,2026-08-11,314.50,USD
QNTG.L,2026-08-11,22,GBP
QQQ,2026-08-11,718.45,USD
SGLN.L,2026-08-11,6286,GBp
0639.HK,2026-08-12,2.71,HKD
0P00000YAN,2026-08-12,199.03,USD
BCHS.L,2026-08-12,12894,GBp
CNX1.L,2026-08-12,126440,GBp
DPYG.L,2026-08-12,5.379,GBP
EWQX.L,2026-08-12,616.8,GBp
FLOS.L,2026-08-12,476.875,GBp
GB00B1FXTF86,2026-08-12,7.33,GBP
GHYS.L,2026-08-12,88.8,GBP
GRAB,2026-08-12,3.61,USD
IDTG.L,2026-08-12,2.805,GBP
IE0008368742,2026-08-12,198.12,USD
IE00B0M63516,2026-08-12,27.42,USD
IGLS.L,2026-08-12,125.43,GBP
IGWD.L,2026-08-12,13594,GBp
INXG.L,2026-08-12,10.87,GBP
ISPE.L,2026-08-12,7.699,GBP
IUAG.L,2026-08-12,92.45,USD
IWDG.L,2026-08-12,1274,GBp
JFM0003373,2026-08-12,199.03,USD
KNSL,2026-08-12,373.52,USD
LU0164881194,2026-08-12,296.78,USD
LU0196696453,2026-08-12,19.22,USD
MU0129U00005,2026-08-12,313.53,USD
QNTG.L,2026-08-12,22.205,GBP
QQQ,2026-08-12,723.7,USD
SGLN.L,2026-08-12,6345,GBp
0639.HK,2026-08-13,2.675,HKD
0P00000YAN,2026-08-13,198.26,USD
BCHS.L,2026-08-13,13028,GBp
CNX1.L,2026-08-13,127920,GBp
DPYG.L,2026-08-13,5.416,GBP
EWQX.L,2026-08-13,623.25,GBp
FLOS.L,2026-08-13,477.15,GBp
GB00B1FXTF86,2026-08-13,7.36,GBP
GHYS.L,2026-08-13,88.95,GBP
GRAB,2026-08-13,3.7,USD
IDTG.L,2026-08-13,2.8145,GBP
IE0008368742,2026-08-13,196.56,USD
IE00B0M63516,2026-08-13,27.32,USD
IGLS.L,2026-08-13,125.5,GBP
IGWD.L,2026-08-13,13669,GBp
INXG.L,2026-08-13,10.868,GBP
ISPE.L,2026-08-13,7.745,GBP
IUAG.L,2026-08-13,92.74,USD
IWDG.L,2026-08-13,1279.5,GBp
JFM0003373,2026-08-13,198.26,USD
KNSL,2026-08-13,376.97,USD
LU0164881194,2026-08-13,296.04,USD
LU0196696453,2026-08-13,19.11,USD
MU0129U00005,2026-08-13,313.64,USD
QNTG.L,2026-08-13,22.605,GBP
QQQ,2026-08-13,732.07,USD
SGLN.L,2026-08-13,6267,GBp
0639.HK,2026-08-14,2.765,HKD
0P00000YAN,2026-08-14,199.23,USD
BCHS.L,2026-08-14,12944,GBp
CNX1.L,2026-08-14,126980,GBp
DPYG.L,2026-08-14,5.438,GBP
EWQX.L,2026-08-14,621.3,GBp
FLOS.L,2026-08-14,476.8,GBp
GB00B1FXTF86,2026-08-14,7.34,GBP
GHYS.L,2026-08-14,88.535,GBP
GRAB,2026-08-14,3.62,USD
IDTG.L,2026-08-14,2.7925,GBP
IE0008368742,2026-08-14,195.89,USD
IE00B0M63516,2026-08-14,27.24,USD
IGLS.L,2026-08-14,125.34,GBP
IGWD.L,2026-08-14,13657,GBp
INXG.L,2026-08-14,10.792,GBP
ISPE.L,2026-08-14,7.775,GBP
IUAG.L,2026-08-14,92.68,USD
IWDG.L,2026-08-14,1278.5,GBp
JFM0003373,2026-08-14,199.23,USD
KNSL,2026-08-14,379.19,USD
LU0164881194,2026-08-14,295.78,USD
LU0196696453,2026-08-14,19.03,USD
MU0129U00005,2026-08-14,313.19,USD
QNTG.L,2026-08-14,22.335,GBP
QQQ,2026-08-14,731.07,USD
SGLN.L,2026-08-14,6283,GBp
0639.HK,2026-08-17,2.72,HKD
0P00000YAN,2026-08-17,200.37,USD
BCHS.L,2026-08-17,13034,GBp
CNX1.L,2026-08-17,127720,GBp
DPYG.L,2026-08-17,5.375,GBP
EWQX.L,2026-08-17,622.95,GBp
FLOS.L,2026-08-17,476.8,GBp
GB00B1FXTF86,2026-08-17,7.33,GBP
GHYS.L,2026-08-17,88.695,GBP
GRAB,2026-08-17,3.58,USD
IDTG.L,2026-08-17,2.78375,GBP
IE0008368742,2026-08-17,197.75,USD
IE00B0M63516,2026-08-17,27.43,USD
IGLS.L,2026-08-17,125.29,GBP
IGWD.L,2026-08-17,13644,GBp
INXG.L,2026-08-17,10.738,GBP
ISPE.L,2026-08-17,7.728,GBP
IUAG.L,2026-08-17,92.44,USD
IWDG.L,2026-08-17,1277,GBp
JFM0003373,2026-08-17,200.37,USD
KNSL,2026-08-17,367.16,USD
LU0164881194,2026-08-17,295.23,USD
LU0196696453,2026-08-17,19.31,USD
MU0129U00005,2026-08-17,311.50,USD
QNTG.L,2026-08-17,22.235,GBP
QQQ,2026-08-17,729.87,USD
SGLN.L,2026-08-17,6328,GBp
0639.HK,2026-08-18,2.8,HKD
0P00000YAN,2026-08-18,198.41,USD
BCHS.L,2026-08-18,12758,GBp
CNX1.L,2026-08-18,125100,GBp
DPYG.L,2026-08-18,5.387,GBP
EWQX.L,2026-08-18,615.5,GBp
FLOS.L,2026-08-18,477.275,GBp
GB00B1FXTF86,2026-08-18,7.31,GBP
GHYS.L,2026-08-18,88.44,GBP
GRAB,2026-08-18,3.45,USD
IDTG.L,2026-08-18,2.7775,GBP
IE0008368742,2026-08-18,197.48,USD
IE00B0M63516,2026-08-18,27.28,USD
IGLS.L,2026-08-18,125.24,GBP
IGWD.L,2026-08-18,13510,GBp
INXG.L,2026-08-18,10.724,GBP
ISPE.L,2026-08-18,7.705,GBP
IUAG.L,2026-08-18,92.53,USD
IWDG.L,2026-08-18,1263.5,GBp
JFM0003373,2026-08-18,198.41,USD
KNSL,2026-08-18,372.71,USD
LU0164881194,2026-08-18,293.64,USD
LU0196696453,2026-08-18,19.26,USD
MU0129U00005,2026-08-18,311.30,USD
QNTG.L,2026-08-18,21.74,GBP
QQQ,2026-08-18,717.51,USD
SGLN.L,2026-08-18,6244,GBp
0639.HK,2026-08-19,2.765,HKD
0P00000YAN,2026-08-19,198.5,USD
BCHS.L,2026-08-19,12966,GBp
CNX1.L,2026-08-19,124500,GBp
DPYG.L,2026-08-19,5.368,GBP
EWQX.L,2026-08-19,614.2,GBp
FLOS.L,2026-08-19,477.6,GBp
GB00B1FXTF86,2026-08-19,7.28,GBP
GHYS.L,2026-08-19,88.625,GBP
GRAB,2026-08-19,3.54,USD
IDTG.L,2026-08-19,2.821,GBP
IE0008368742,2026-08-19,195.34,USD
IE00B0M63516,2026-08-19,27.75,USD
IGLS.L,2026-08-19,125.38,GBP
IGWD.L,2026-08-19,13534,GBp
INXG.L,2026-08-19,10.808,GBP
ISPE.L,2026-08-19,7.773,GBP
IUAG.L,2026-08-19,92.68,USD
IWDG.L,2026-08-19,1267,GBp
JFM0003373,2026-08-19,198.5,USD
KNSL,2026-08-19,379.42,USD
LU0164881194,2026-08-19,293.41,USD
LU0196696453,2026-08-19,19.68,USD
MU0129U00005,2026-08-19,310.95,USD
QNTG.L,2026-08-19,21.585,GBP
QQQ,2026-08-19,716.08,USD
SGLN.L,2026-08-19,6391,GBp
0639.HK,2026-08-20,2.835,HKD
0P00000YAN,2026-08-20,198.5,USD
BCHS.L,2026-08-20,13402,GBp
CNX1.L,2026-08-20,123210,GBp
DPYG.L,2026-08-20,5.37,GBP
EWQX.L,2026-08-20,609.8,GBp
FLOS.L,2026-08-20,477.725,GBp
GB00B1FXTF86,2026-08-20,7.28,GBP
GHYS.L,2026-08-20,88.45,GBP
GRAB,2026-08-20,3.51,USD
IDTG.L,2026-08-20,2.7995,GBP
IE0008368742,2026-08-20,196.96,USD
IE00B0M63516,2026-08-20,27.68,USD
IGLS.L,2026-08-20,125.32,GBP
IGWD.L,2026-08-20,13461,GBp
INXG.L,2026-08-20,10.73,GBP
ISPE.L,2026-08-20,7.743,GBP
IUAG.L,2026-08-20,92.625,USD
IWDG.L,2026-08-20,1260,GBp
JFM0003373,2026-08-20,198.5,USD
KNSL,2026-08-20,381.15,USD
LU0164881194,2026-08-20,295.54,USD
LU0196696453,2026-08-20,19.49,USD
MU0129U00005,2026-08-20,313.70,USD
QNTG.L,2026-08-20,21.12,GBP
QQQ,2026-08-20,710.93,USD
SGLN.L,2026-08-20,6432,GBp
0639.HK,2026-08-21,2.92,HKD
0P00000YAN,2026-08-21,199.24,USD
BCHS.L,2026-08-21,13722,GBp
CNX1.L,2026-08-21,123550,GBp
DPYG.L,2026-08-21,5.352,GBP
EWQX.L,2026-08-21,610.65,GBp
FLOS.L,2026-08-21,477.725,GBp
GB00B1FXTF86,2026-08-21,7.26,GBP
GHYS.L,2026-08-21,88.585,GBP
GRAB,2026-08-21,3.48,USD
IDTG.L,2026-08-21,2.7965,GBP
IE0008368742,2026-08-21,198.24,USD
IE00B0M63516,2026-08-21,28.26,USD
IGLS.L,2026-08-21,125.43,GBP
IGWD.L,2026-08-21,13493,GBp
INXG.L,2026-08-21,10.76,GBP
ISPE.L,2026-08-21,7.747,GBP
IUAG.L,2026-08-21,92.42,USD
IWDG.L,2026-08-21,1263,GBp
JFM0003373,2026-08-21,199.24,USD
KNSL,2026-08-21,383.55,USD
LU0164881194,2026-08-21,296.40,USD
LU0196696453,2026-08-21,19.86,USD
MU0129U00005,2026-08-21,314.29,USD
QNTG.L,2026-08-21,21.595,GBP
QQQ,2026-08-21,713.44,USD
SGLN.L,2026-08-21,6552,GBp
0639.HK,2026-08-24,2.84,HKD
0P00000YAN,2026-08-24,198.58,USD
BCHS.L,2026-08-24,13842,GBp
CNX1.L,2026-08-24,122350,GBp
DPYG.L,2026-08-24,5.355,GBP
EWQX.L,2026-08-24,606.15,GBp
FLOS.L,2026-08-24,477.6,GBp
GB00B1FXTF86,2026-08-24,7.24,GBP
GHYS.L,2026-08-24,88.37,GBP
GRAB,2026-08-24,3.52,USD
IDTG.L,2026-08-24,2.817,GBP
IE0008368742,2026-08-24,195.79,USD
IE00B0M63516,2026-08-24,28.55,USD
IGLS.L,2026-08-24,125.36,GBP
IGWD.L,2026-08-24,13456,GBp
INXG.L,2026-08-24,10.778,GBP
ISPE.L,2026-08-24,7.736,GBP
IUAG.L,2026-08-24,92.51,USD
IWDG.L,2026-08-24,1260,GBp
JFM0003373,2026-08-24,198.58,USD
KNSL,2026-08-24,395.51,USD
LU0164881194,2026-08-24,295.47,USD
LU0196696453,2026-08-24,20.03,USD
MU0129U00005,2026-08-24,312.76,USD
QNTG.L,2026-08-24,21.335,GBP
QQQ,2026-08-24,706.32,USD
SGLN.L,2026-08-24,6643,GBp
0639.HK,2026-08-25,2.775,HKD
0P00000YAN,2026-08-25,200.42,USD
BCHS.L,2026-08-25,14002,GBp
CNX1.L,2026-08-25,123000,GBp
DPYG.L,2026-08-25,5.3915,GBP
EWQX.L,2026-08-25,609.55,GBp
FLOS.L,2026-08-25,477.675,GBp
GB00B1FXTF86,2026-08-25,7.28,GBP
GHYS.L,2026-08-25,88.6,GBP
GRAB,2026-08-25,3.58,USD
IDTG.L,2026-08-25,2.8415,GBP
IE0008368742,2026-08-25,196.76,USD
IE00B0M63516,2026-08-25,28.37,USD
IGLS.L,2026-08-25,125.6,GBP
IGWD.L,2026-08-25,13476,GBp
INXG.L,2026-08-25,10.838,GBP
ISPE.L,2026-08-25,7.743,GBP
IUAG.L,2026-08-25,92.87,USD
IWDG.L,2026-08-25,1263.5,GBp
JFM0003373,2026-08-25,200.42,USD
KNSL,2026-08-25,387.95,USD
LU0164881194,2026-08-25,297.66,USD
LU0196696453,2026-08-25,19.96,USD
MU0129U00005,2026-08-25,315.54,USD
QNTG.L,2026-08-25,21.36,GBP
QQQ,2026-08-25,710.72,USD
SGLN.L,2026-08-25,6614,GBp
0639.HK,2026-08-26,2.76,HKD
0P00000YAN,2026-08-26,199.28,USD
BCHS.L,2026-08-26,13916,GBp
CNX1.L,2026-08-26,123280,GBp
DPYG.L,2026-08-26,5.378,GBP
EWQX.L,2026-08-26,609.6,GBp
FLOS.L,2026-08-26,477.85,GBp
GB00B1FXTF86,2026-08-26,7.31,GBP
GHYS.L,2026-08-26,88.905,GBP
GRAB,2026-08-26,3.64,USD
IDTG.L,2026-08-26,2.836,GBP
IE0008368742,2026-08-26,199.42,USD
IE00B0M63516,2026-08-26,28.82,USD
IGLS.L,2026-08-26,125.53,GBP
IGWD.L,2026-08-26,13488,GBp
INXG.L,2026-08-26,10.808,GBP
ISPE.L,2026-08-26,7.754,GBP
IUAG.L,2026-08-26,92.81,USD
IWDG.L,2026-08-26,1263,GBp
JFM0003373,2026-08-26,199.28,USD
KNSL,2026-08-26,387.13,USD
LU0164881194,2026-08-26,296.40,USD
LU0196696453,2026-08-26,20.26,USD
MU0129U00005,2026-08-26,314.34,USD
QNTG.L,2026-08-26,21.2,GBP
QQQ,2026-08-26,711.37,USD
SGLN.L,2026-08-26,6560,GBp
0639.HK,2026-08-27,2.815,HKD
0P00000YAN,2026-08-27,198.05,USD
BCHS.L,2026-08-27,14404,GBp
CNX1.L,2026-08-27,124830,GBp
DPYG.L,2026-08-27,5.34,GBP
EWQX.L,2026-08-27,615.05,GBp
FLOS.L,2026-08-27,477.925,GBp
GB00B1FXTF86,2026-08-27,7.32,GBP
GHYS.L,2026-08-27,88.86,GBP
GRAB,2026-08-27,3.59,USD
IDTG.L,2026-08-27,2.838,GBP
IE0008368742,2026-08-27,198.90,USD
IE00B0M63516,2026-08-27,28.54,USD
IGLS.L,2026-08-27,125.57,GBP
IGWD.L,2026-08-27,13526,GBp
INXG.L,2026-08-27,10.818,GBP
ISPE.L,2026-08-27,7.75,GBP
IUAG.L,2026-08-27,92.98,USD
IWDG.L,2026-08-27,1268,GBp
JFM0003373,2026-08-27,198.05,USD
KNSL,2026-08-27,381.8,USD
LU0164881194,2026-08-27,294.72,USD
LU0196696453,2026-08-27,20.10,USD
MU0129U00005,2026-08-27,312.81,USD
QNTG.L,2026-08-27,21.85,GBP
QQQ,2026-08-27,721.11,USD
SGLN.L,2026-08-27,6561,GBp
0639.HK,2026-08-28,2.935,HKD
0P00000YAN,2026-08-28,197.66,USD
BCHS.L,2026-08-28,14110,GBp
CNX1.L,2026-08-28,125880,GBp
DPYG.L,2026-08-28,5.308,GBP
EWQX.L,2026-08-28,615.3,GBp
FLOS.L,2026-08-28,478.025,GBp
GB00B1FXTF86,2026-08-28,7.33,GBP
GHYS.L,2026-08-28,88.77,GBP
GRAB,2026-08-28,3.61,USD
IDTG.L,2026-08-28,2.8375,GBP
IE0008368742,2026-08-28,198.95,USD
IE00B0M63516,2026-08-28,28.37,USD
IGLS.L,2026-08-28,125.4,GBP
IGWD.L,2026-08-28,13609,GBp
INXG.L,2026-08-28,10.806,GBP
ISPE.L,2026-08-28,7.724,GBP
IUAG.L,2026-08-28,92.71,USD
IWDG.L,2026-08-28,1274.5,GBp
JFM0003373,2026-08-28,197.66,USD
KNSL,2026-08-28,380.61,USD
LU0164881194,2026-08-28,296.59,USD
LU0196696453,2026-08-28,19.91,USD
MU0129U00005,2026-08-28,314.08,USD
QNTG.L,2026-08-28,21.49,GBP
QQQ,2026-08-28,716.43,USD
SGLN.L,2026-08-28,6519,GBp
0639.HK,2026-08-31,3.05,HKD
0P00000YAN,2026-08-31,198.01,USD
GRAB,2026-08-31,3.54,USD
IE0008368742,2026-08-31,198.64,USD
JFM0003373,2026-08-31,198.01,USD
KNSL,2026-08-31,373.9,USD
LU0164881194,2026-08-31,296.84,USD
MU0129U00005,2026-08-31,313.03,USD
QQQ,2026-08-31,716.76,USD
0639.HK,2026-09-01,3.015,HKD
0P00000YAN,2026-09-01,196.95,USD
BCHS.L,2026-09-01,13708,GBp
CNX1.L,2026-09-01,123940,GBp
DPYG.L,2026-09-01,5.247,GBP
EWQX.L,2026-09-01,602.75,GBp
FLOS.L,2026-09-01,478.3,GBp
GB00B1FXTF86,2026-09-01,7.36,GBP
GHYS.L,2026-09-01,88.57,GBP
GRAB,2026-09-01,3.46,USD
IDTG.L,2026-09-01,2.81,GBP
IE0008368742,2026-09-01,197.71,USD
IE00B0M63516,2026-09-01,29.54,USD
IGLS.L,2026-09-01,125.22,GBP
IGWD.L,2026-09-01,13415,GBp
INXG.L,2026-09-01,10.764,GBP
ISPE.L,2026-09-01,7.618,GBP
IUAG.L,2026-09-01,92.46,USD
IWDG.L,2026-09-01,1256.5,GBp
JFM0003373,2026-09-01,196.95,USD
KNSL,2026-09-01,372.51,USD
LU0164881194,2026-09-01,295.67,USD
LU0196696453,2026-09-01,20.76,USD
MU0129U00005,2026-09-01,313.26,USD
QNTG.L,2026-09-01,21.13,GBP
QQQ,2026-09-01,707.64,USD
SGLN.L,2026-09-01,6255,GBp
0639.HK,2026-09-02,2.965,HKD
0P00000YAN,2026-09-02,197.24,USD
BCHS.L,2026-09-02,13562,GBp
CNX1.L,2026-09-02,124010,GBp
DPYG.L,2026-09-02,5.219,GBP
EWQX.L,2026-09-02,601.6,GBp
FLOS.L,2026-09-02,478.1,GBp
GB00B1FXTF86,2026-09-02,7.30,GBP
GHYS.L,2026-09-02,88.5,GBP
GRAB,2026-09-02,3.53,USD
IDTG.L,2026-09-02,2.799,GBP
IE0008368742,2026-09-02,195.56,USD
IE00B0M63516,2026-09-02,30.68,USD
IGLS.L,2026-09-02,125.16,GBP
IGWD.L,2026-09-02,13444,GBp
INXG.L,2026-09-02,10.748,GBP
ISPE.L,2026-09-02,7.639,GBP
IUAG.L,2026-09-02,92.19,USD
IWDG.L,2026-09-02,1259.5,GBp
JFM0003373,2026-09-02,197.24,USD
KNSL,2026-09-02,376.78,USD
LU0164881194,2026-09-02,294.42,USD
LU0196696453,2026-09-02,21.36,USD
MU0129U00005,2026-09-02,312.85,USD
QNTG.L,2026-09-02,21.22,GBP
QQQ,2026-09-02,709.24,USD
SGLN.L,2026-09-02,6281,GBp
0639.HK,2026-09-03,2.95,HKD
0P00000YAN,2026-09-03,198.3,USD
BCHS.L,2026-09-03,14394,GBp
CNX1.L,2026-09-03,125160,GBp
DPYG.L,2026-09-03,5.227,GBP
EWQX.L,2026-09-03,605.6,GBp
FLOS.L,2026-09-03,478.475,GBp
GB00B1FXTF86,2026-09-03,7.37,GBP
GHYS.L,2026-09-03,88.62,GBP
GRAB,2026-09-03,3.42,USD
IDTG.L,2026-09-03,2.818,GBP
IE0008368742,2026-09-03,195.38,USD
IE00B0M63516,2026-09-03,30.76,USD
IGLS.L,2026-09-03,125.45,GBP
IGWD.L,2026-09-03,13557,GBp
INXG.L,2026-09-03,10.832,GBP
ISPE.L,2026-09-03,7.676,GBP
IUAG.L,2026-09-03,92.46,USD
IWDG.L,2026-09-03,1270.5,GBp
JFM0003373,2026-09-03,198.3,USD
KNSL,2026-09-03,382.98,USD
LU0164881194,2026-09-03,295.52,USD
LU0196696453,2026-09-03,21.45,USD
MU0129U00005,2026-09-03,314.44,USD
QNTG.L,2026-09-03,21.435,GBP
QQQ,2026-09-03,717.67,USD
SGLN.L,2026-09-03,6454,GBp
0639.HK,2026-09-04,2.98,HKD
0P00000YAN,2026-09-04,199.52,USD
BCHS.L,2026-09-04,14536,GBp
CNX1.L,2026-09-04,125170,GBp
DPYG.L,2026-09-04,5.251,GBP
EWQX.L,2026-09-04,604.6,GBp
FLOS.L,2026-09-04,478.475,GBp
GB00B1FXTF86,2026-09-04,7.32,GBP
GHYS.L,2026-09-04,88.53,GBP
GRAB,2026-09-04,3.42,USD
IDTG.L,2026-09-04,2.814,GBP
IE0008368742,2026-09-04,197.12,USD
IE00B0M63516,2026-09-04,30.75,USD
IGLS.L,2026-09-04,125.43,GBP
IGWD.L,2026-09-04,13509,GBp
INXG.L,2026-09-04,10.868,GBP
ISPE.L,2026-09-04,7.653,GBP
IUAG.L,2026-09-04,92.37,USD
IWDG.L,2026-09-04,1266.5,GBp
JFM0003373,2026-09-04,199.52,USD
KNSL,2026-09-04,373.17,USD
LU0164881194,2026-09-04,295.37,USD
LU0196696453,2026-09-04,21.40,USD
MU0129U00005,2026-09-04,314.72,USD
QNTG.L,2026-09-04,21.51,GBP
QQQ,2026-09-04,718.96,USD
SGLN.L,2026-09-04,6367,GBp
0639.HK,2026-09-07,2.96,HKD
BCHS.L,2026-09-07,14404,GBp
CNX1.L,2026-09-07,125370,GBp
DPYG.L,2026-09-07,5.176,GBP
EWQX.L,2026-09-07,602.4,GBp
FLOS.L,2026-09-07,478.65,GBp
GB00B1FXTF86,2026-09-07,7.30,GBP
GHYS.L,2026-09-07,88.44,GBP
IDTG.L,2026-09-07,2.80625,GBP
IE0008368742,2026-09-07,197.18,USD
IE00B0M63516,2026-09-07,30.47,USD
IGLS.L,2026-09-07,125.35,GBP
IGWD.L,2026-09-07,13508,GBp
INXG.L,2026-09-07,10.86,GBP
ISPE.L,2026-09-07,7.613,GBP
IUAG.L,2026-09-07,92.34,USD
IWDG.L,2026-09-07,1265.5,GBp
LU0164881194,2026-09-07,294.47,USD
MU0129U00005,2026-09-07,313.20,USD
QNTG.L,2026-09-07,21.555,GBP
SGLN.L,2026-09-07,6321,GBp
0639.HK,2026-09-08,3.04,HKD
0P00000YAN,2026-09-08,200.39,USD
BCHS.L,2026-09-08,14532,GBp
CNX1.L,2026-09-08,125490,GBp
DPYG.L,2026-09-08,5.2145,GBP
EWQX.L,2026-09-08,600.75,GBp
FLOS.L,2026-09-08,478.25,GBp
GB00B1FXTF86,2026-09-08,7.26,GBP
GHYS.L,2026-09-08,88.445,GBP
GRAB,2026-09-08,3.25,USD
IDTG.L,2026-09-08,2.8135,GBP
IE0008368742,2026-09-08,195.15,USD
IE00B0M63516,2026-09-08,31.29,USD
IGLS.L,2026-09-08,125.35,GBP
IGWD.L,2026-09-08,13477,GBp
INXG.L,2026-09-08,10.864,GBP
ISPE.L,2026-09-08,7.587,GBP
IUAG.L,2026-09-08,92.29,USD
IWDG.L,2026-09-08,1262.5,GBp
JFM0003373,2026-09-08,200.39,USD
KNSL,2026-09-08,367.29,USD
LU0164881194,2026-09-08,291.65,USD
LU0196696453,2026-09-08,21.78,USD
MU0129U00005,2026-09-08,309.46,USD
QNTG.L,2026-09-08,21.965,GBP
QQQ,2026-09-08,718.36,USD
SGLN.L,2026-09-08,6306,GBp
0639.HK,2026-09-09,3.1,HKD
0P00000YAN,2026-09-09,199.12,USD
BCHS.L,2026-09-09,14278,GBp
CNX1.L,2026-09-09,124730,GBp
DPYG.L,2026-09-09,5.154,GBP
EWQX.L,2026-09-09,594.8,GBp
FLOS.L,2026-09-09,478.75,GBp
GB00B1FXTF86,2026-09-09,7.16,GBP
GHYS.L,2026-09-09,88.33,GBP
GRAB,2026-09-09,3.04,USD
IDTG.L,2026-09-09,2.79,GBP
IE0008368742,2026-09-09,195.34,USD
IE00B0M63516,2026-09-09,30.72,USD
IGLS.L,2026-09-09,125.09,GBP
IGWD.L,2026-09-09,13357,GBp
INXG.L,2026-09-09,10.78,GBP
ISPE.L,2026-09-09,7.505,GBP
IUAG.L,2026-09-09,92.01,USD
IWDG.L,2026-09-09,1252,GBp
JFM0003373,2026-09-09,199.12,USD
KNSL,2026-09-09,359.6,USD
LU0164881194,2026-09-09,288.22,USD
LU0196696453,2026-09-09,21.38,USD
MU0129U00005,2026-09-09,305.69,USD
QNTG.L,2026-09-09,21.3,GBP
QQQ,2026-09-09,716.31,USD
SGLN.L,2026-09-09,6300,GBp
0639.HK,2026-09-10,3.06,HKD
0P00000YAN,2026-09-10,197.75,USD
BCHS.L,2026-09-10,14096,GBp
CNX1.L,2026-09-10,124090,GBp
DPYG.L,2026-09-10,5.124,GBP
EWQX.L,2026-09-10,592.3,GBp
FLOS.L,2026-09-10,478.775,GBp
GB00B1FXTF86,2026-09-10,7.12,GBP
GHYS.L,2026-09-10,87.91,GBP
GRAB,2026-09-10,3.01,USD
IDTG.L,2026-09-10,2.771,GBP
IE0008368742,2026-09-10,192.50,USD
IE00B0M63516,2026-09-10,31.12,USD
IGLS.L,2026-09-10,124.69,GBP
IGWD.L,2026-09-10,13310,GBp
INXG.L,2026-09-10,10.742,GBP
ISPE.L,2026-09-10,7.473,GBP
IUAG.L,2026-09-10,91.6,USD
IWDG.L,2026-09-10,1247,GBp
JFM0003373,2026-09-10,197.75,USD
KNSL,2026-09-10,362.7,USD
LU0164881194,2026-09-10,287.57,USD
LU0196696453,2026-09-10,21.75,USD
MU0129U00005,2026-09-10,305.35,USD
QNTG.L,2026-09-10,21.52,GBP
QQQ,2026-09-10,708.69,USD
SGLN.L,2026-09-10,6262,GBp
0639.HK,2026-09-11,3.045,HKD
0P00000YAN,2026-09-11,196.63,USD
BCHS.L,2026-09-11,14340,GBp
CNX1.L,2026-09-11,125210,GBp
DPYG.L,2026-09-11,5.12,GBP
EWQX.L,2026-09-11,593.15,GBp
FLOS.L,2026-09-11,478.825,GBp
GB00B1FXTF86,2026-09-11,7.10,GBP
GHYS.L,2026-09-11,88.03,GBP
GRAB,2026-09-11,3.05,USD
IDTG.L,2026-09-11,2.7825,GBP
IE0008368742,2026-09-11,190.92,USD
IE00B0M63516,2026-09-11,30.93,USD
IGLS.L,2026-09-11,124.88,GBP
IGWD.L,2026-09-11,13409,GBp
INXG.L,2026-09-11,10.782,GBP
ISPE.L,2026-09-11,7.5,GBP
IUAG.L,2026-09-11,91.655,USD
IWDG.L,2026-09-11,1257,GBp
JFM0003373,2026-09-11,196.63,USD
KNSL,2026-09-11,360.01,USD
LU0164881194,2026-09-11,286.68,USD
LU0196696453,2026-09-11,21.52,USD
MU0129U00005,2026-09-11,305.94,USD
QNTG.L,2026-09-11,21.625,GBP
QQQ,2026-09-11,714.88,USD
SGLN.L,2026-09-11,6271,GBp
0639.HK,2026-09-14,2.935,HKD
0P00000YAN,2026-09-14,196.45,USD
BCHS.L,2026-09-14,14074,GBp
CNX1.L,2026-09-14,124180,GBp
DPYG.L,2026-09-14,5.111,GBP
EWQX.L,2026-09-14,591.65,GBp
FLOS.L,2026-09-14,478.85,GBp
GHYS.L,2026-09-14,87.45,GBP
GRAB,2026-09-14,3.02,USD
IDTG.L,2026-09-14,2.7755,GBP
IE0008368742,2026-09-14,190.37,USD
IE00B0M63516,2026-09-14,30.36,USD
IGLS.L,2026-09-14,124.57,GBP
IGWD.L,2026-09-14,13345,GBp
INXG.L,2026-09-14,10.754,GBP
ISPE.L,2026-09-14,7.497,GBP
IUAG.L,2026-09-14,91.47,USD
IWDG.L,2026-09-14,1250,GBp
JFM0003373,2026-09-14,196.45,USD
KNSL,2026-09-14,363.89,USD
LU0196696453,2026-09-14,21.03,USD
QNTG.L,2026-09-14,21.505,GBP
QQQ,2026-09-14,709.18,USD
SGLN.L,2026-09-14,6178,GBp
0639.HK,2026-09-15,2.905,HKD
0P00000YAN,2026-09-15,193.03,USD
BCHS.L,2026-09-15,13760,GBp
CNX1.L,2026-09-15,123520,GBp
DPYG.L,2026-09-15,5.104,GBP
EWQX.L,2026-09-15,587.6,GBp
FLOS.L,2026-09-15,478.775,GBp
GB00B1FXTF86,2026-09-15,6.99,GBP
GHYS.L,2026-09-15,87.775,GBP
GRAB,2026-09-15,2.91,USD
IDTG.L,2026-09-15,2.7645,GBP
IE0008368742,2026-09-15,189.01,USD
IE00B0M63516,2026-09-15,30.57,USD
IGLS.L,2026-09-15,124.71,GBP
IGWD.L,2026-09-15,13268,GBp
INXG.L,2026-09-15,10.754,GBP
ISPE.L,2026-09-15,7.474,GBP
IUAG.L,2026-09-15,91.32,USD
IWDG.L,2026-09-15,1243,GBp
JFM0003373,2026-09-15,193.03,USD
KNSL,2026-09-15,369.2,USD
LU0164881194,2026-09-15,281.17,USD
LU0196696453,2026-09-15,21.06,USD
MU0129U00005,2026-09-15,300.08,USD
QNTG.L,2026-09-15,21.225,GBP
QQQ,2026-09-15,704.54,USD
SGLN.L,2026-09-15,6161,GBp
0639.HK,2026-09-16,2.925,HKD
0P00000YAN,2026-09-16,192.23,USD
BCHS.L,2026-09-16,13648,GBp
CNX1.L,2026-09-16,124710,GBp
DPYG.L,2026-09-16,5.114,GBP
EWQX.L,2026-09-16,592,GBp
FLOS.L,2026-09-16,478.9,GBp
GB00B1FXTF86,2026-09-16,7.02,GBP
GHYS.L,2026-09-16,88.04,GBP
GRAB,2026-09-16,2.87,USD
IDTG.L,2026-09-16,2.7745,GBP
IE0008368742,2026-09-16,188.65,USD
IE00B0M63516,2026-09-16,30.35,USD
IGLS.L,2026-09-16,125,GBP
IGWD.L,2026-09-16,13341,GBp
INXG.L,2026-09-16,10.834,GBP
ISPE.L,2026-09-16,7.472,GBP
IUAG.L,2026-09-16,91.48,USD
IWDG.L,2026-09-16,1249.5,GBp
JFM0003373,2026-09-16,192.23,USD
KNSL,2026-09-16,360.75,USD
LU0164881194,2026-09-16,282.06,USD
LU0196696453,2026-09-16,21.12,USD
MU0129U00005,2026-09-16,301.07,USD
QNTG.L,2026-09-16,21.22,GBP
QQQ,2026-09-16,704.72,USD
SGLN.L,2026-09-16,6270,GBp
0639.HK,2026-09-17,2.89,HKD
0P00000YAN,2026-09-17,192.43,USD
BCHS.L,2026-09-17,13992,GBp
CNX1.L,2026-09-17,126640,GBp
DPYG.L,2026-09-17,5.097,GBP
EWQX.L,2026-09-17,595.75,GBp
FLOS.L,2026-09-17,479.325,GBp
GB00B1FXTF86,2026-09-17,7.09,GBP
GHYS.L,2026-09-17,88.045,GBP
GRAB,2026-09-17,2.81,USD
IDTG.L,2026-09-17,2.7955,GBP
IE0008368742,2026-09-17,187.62,USD
IE00B0M63516,2026-09-17,30.20,USD
IGLS.L,2026-09-17,125.12,GBP
IGWD.L,2026-09-17,13390,GBp
INXG.L,2026-09-17,10.996,GBP
ISPE.L,2026-09-17,7.447,GBP
IUAG.L,2026-09-17,91.65,USD
IWDG.L,2026-09-17,1253.5,GBp
JFM0003373,2026-09-17,192.43,USD
KNSL,2026-09-17,359.53,USD
LU0164881194,2026-09-17,284.18,USD
LU0196696453,2026-09-17,21.09,USD
MU0129U00005,2026-09-17,303.73,USD
QNTG.L,2026-09-17,21.875,GBP
QQQ,2026-09-17,716.92,USD
SGLN.L,2026-09-17,6333,GBp
0639.HK,2026-09-18,2.785,HKD
0P00000YAN,2026-09-18,191.79,USD
BCHS.L,2026-09-18,14438,GBp
CNX1.L,2026-09-18,126530,GBp
DPYG.L,2026-09-18,5.061,GBP
EWQX.L,2026-09-18,595.05,GBp
FLOS.L,2026-09-18,479.25,GBp
GB00B1FXTF86,2026-09-18,7.15,GBP
GHYS.L,2026-09-18,87.88,GBP
GRAB,2026-09-18,2.795,USD
IDTG.L,2026-09-18,2.7785,GBP
IE0008368742,2026-09-18,189.07,USD
IE00B0M63516,2026-09-18,29.88,USD
IGLS.L,2026-09-18,124.87,GBP
IGWD.L,2026-09-18,13339,GBp
INXG.L,2026-09-18,10.992,GBP
ISPE.L,2026-09-18,7.42,GBP
IUAG.L,2026-09-18,91.31,USD
IWDG.L,2026-09-18,1249.5,GBp
JFM0003373,2026-09-18,191.79,USD
KNSL,2026-09-18,356.85,USD
LU0164881194,2026-09-18,286.02,USD
LU0196696453,2026-09-18,20.90,USD
MU0129U00005,2026-09-18,305.38,USD
QNTG.L,2026-09-18,21.395,GBP
QQQ,2026-09-18,721.45,USD
SGLN.L,2026-09-18,6317,GBp
0639.HK,2026-09-21,2.79,HKD
BCHS.L,2026-09-21,15178,GBp
CNX1.L,2026-09-21,130100,GBp
DPYG.L,2026-09-21,5.084,GBP
EWQX.L,2026-09-21,608.2,GBp
FLOS.L,2026-09-21,479.325,GBp
GB00B1FXTF86,2026-09-21,7.15,GBP
GHYS.L,2026-09-21,87.93,GBP
GRAB,2026-09-21,2.91,USD
IDTG.L,2026-09-21,2.794,GBP
IE0008368742,2026-09-21,190.19,USD
IE00B0M63516,2026-09-21,30.33,USD
IGLS.L,2026-09-21,125.1,GBP
IGWD.L,2026-09-21,13518,GBp
INXG.L,2026-09-21,11.026,GBP
ISPE.L,2026-09-21,7.452,GBP
IUAG.L,2026-09-21,91.56,USD
IWDG.L,2026-09-21,1266,GBp
KNSL,2026-09-21,358.19,USD
LU0164881194,2026-09-21,287.27,USD
LU0196696453,2026-09-21,21.37,USD
MU0129U00005,2026-09-21,305.74,USD
QNTG.L,2026-09-21,22.255,GBP
QQQ,2026-09-21,741.47,USD
SGLN.L,2026-09-21,6314,GBp
0639.HK,2026-09-22,2.75,HKD
BCHS.L,2026-09-22,15266,GBp
CNX1.L,2026-09-22,131940,GBp
DPYG.L,2026-09-22,5.098,GBP
EWQX.L,2026-09-22,616.7,GBp
FLOS.L,2026-09-22,479.375,GBp
GB00B1FXTF86,2026-09-22,7.14,GBP
GHYS.L,2026-09-22,88.2,GBP
GRAB,2026-09-22,3.17,USD
IDTG.L,2026-09-22,2.7925,GBP
IE0008368742,2026-09-22,191.30,USD
IE00B0M63516,2026-09-22,30.27,USD
IGLS.L,2026-09-22,125.03,GBP
IGWD.L,2026-09-22,13570,GBp
INXG.L,2026-09-22,10.994,GBP
ISPE.L,2026-09-22,7.445,GBP
IUAG.L,2026-09-22,91.51,USD
IWDG.L,2026-09-22,1271,GBp
KNSL,2026-09-22,351.83,USD
QNTG.L,2026-09-22,22.22,GBP
QQQ,2026-09-22,747.46,USD
SGLN.L,2026-09-22,6297,GBp
