Fund,Date,Price
IE0008368742,2025-10-19,193.07
IE00B0M63516,2025-10-19,23.45
GB00B1FXTF86,2025-10-19,8.29
IE0008368742,2025-10-19,193.07
LU0196696453,2025-10-19,16.90
MU0129U00005,2025-10-19,362.73
IDTG.L,2025-10-19,3.1205
JFM0003373,2025-10-19,173.48
IE0008368742,2025-10-20,196.85
IE00B0M63516,2025-10-20,24.09
GB00B1FXTF86,2025-10-20,8.31
IE0008368742,2025-10-20,196.85
LU0196696453,2025-10-20,17.27
MU0129U00005,2025-10-20,363.92
IDTG.L,2025-10-20,3.1265
JFM0003373,2025-10-20,171.76
IE0008368742,2025-10-21,199.52
IE00B0M63516,2025-10-21,23.95
GB00B1FXTF86,2025-10-21,8.36
IE0008368742,2025-10-21,199.52
LU0196696453,2025-10-21,17.29
MU0129U00005,2025-10-21,363.92
IDTG.L,2025-10-21,3.1505
JFM0003373,2025-10-21,171.76
IE0008368742,2025-10-22,197.63
IE00B0M63516,2025-10-22,23.93
GB00B1FXTF86,2025-10-22,8.36
IE0008368742,2025-10-22,197.63
LU0196696453,2025-10-22,17.22
MU0129U00005,2025-10-22,363.92
IDTG.L,2025-10-22,3.1475
JFM0003373,2025-10-22,175.16
IE0008368742,2025-10-23,198.12
IE00B0M63516,2025-10-23,24.07
GB00B1FXTF86,2025-10-23,8.44
IE0008368742,2025-10-23,198.12
LU0196696453,2025-10-23,17.40
MU0129U00005,2025-10-23,363.92
IDTG.L,2025-10-23,3.1355
JFM0003373,2025-10-23,174.17
IE0008368742,2025-10-24,200.49
IE00B0M63516,2025-10-24,24.25
GB00B1FXTF86,2025-10-24,8.48
IE0008368742,2025-10-24,200.49
LU0196696453,2025-10-24,17.49
MU0129U00005,2025-10-24,364.97
IDTG.L,2025-10-24,3.1300
JFM0003373,2025-10-24,175.33
IE0008368742,2025-10-25,200.49
IE00B0M63516,2025-10-25,24.25
GB00B1FXTF86,2025-10-25,8.48
IE0008368742,2025-10-25,200.49
LU0196696453,2025-10-25,17.49
MU0129U00005,2025-10-25,364.97
IDTG.L,2025-10-25,3.1300
JFM0003373,2025-10-25,175.33
IE0008368742,2025-10-26,200.49
IE00B0M63516,2025-10-26,24.25
GB00B1FXTF86,2025-10-26,8.48
IE0008368742,2025-10-26,200.49
LU0196696453,2025-10-26,17.49
MU0129U00005,2025-10-26,364.97
IDTG.L,2025-10-26,3.1300
JFM0003373,2025-10-26,175.33
IE0008368742,2025-10-27,200.49
IE00B0M63516,2025-10-27,24.43
GB00B1FXTF86,2025-10-27,8.44
IE0008368742,2025-10-27,200.49
LU0196696453,2025-10-27,17.49
MU0129U00005,2025-10-27,363.56
IDTG.L,2025-10-27,3.1335
JFM0003373,2025-10-27,175.97
IE0008368742,2025-10-28,200.59
IE00B0M63516,2025-10-28,24.59
GB00B1FXTF86,2025-10-28,8.51
IE0008368742,2025-10-28,200.59
LU0196696453,2025-10-28,17.63
MU0129U00005,2025-10-28,363.75
IDTG.L,2025-10-28,3.1440
JFM0003373,2025-10-28,177.23
IE0008368742,2025-10-29,200.59
IE00B0M63516,2025-10-29,24.89
GB00B1FXTF86,2025-10-29,8.59
IE0008368742,2025-10-29,200.59
LU0196696453,2025-10-29,17.70
MU0129U00005,2025-10-29,363.75
IDTG.L,2025-10-29,3.1420
JFM0003373,2025-10-29,177.23
IE0008368742,2025-10-30,198.92
IE00B0M63516,2025-10-30,24.61
GB00B1FXTF86,2025-10-30,8.52
IE0008368742,2025-10-30,198.92
LU0196696453,2025-10-30,17.91
MU0129U00005,2025-10-30,362.01
IDTG.L,2025-10-30,3.1035
JFM0003373,2025-10-30,177.18
IE0008368742,2025-10-31,197.87
IE00B0M63516,2025-10-31,24.58
GB00B1FXTF86,2025-10-31,8.49
IE0008368742,2025-10-31,197.87
LU0196696453,2025-10-31,17.83
MU0129U00005,2025-10-31,358.21
IDTG.L,2025-10-31,3.0930
JFM0003373,2025-10-31,176.63
IE0008368742,2025-11-01,197.87
IE00B0M63516,2025-11-01,24.58
GB00B1FXTF86,2025-11-01,8.49
IE0008368742,2025-11-01,197.87
LU0196696453,2025-11-01,17.81
MU0129U00005,2025-11-01,358.21
IDTG.L,2025-11-01,3.0930
JFM0003373,2025-11-01,176.63
IE0008368742,2025-11-02,197.87
IE00B0M63516,2025-11-02,24.58
GB00B1FXTF86,2025-11-02,8.49
IE0008368742,2025-11-02,197.87
LU0196696453,2025-11-02,17.81
MU0129U00005,2025-11-02,358.21
IDTG.L,2025-11-02,3.0930
JFM0003373,2025-11-02,176.63
IE0008368742,2025-11-03,198.55
IE00B0M63516,2025-11-03,24.83
GB00B1FXTF86,2025-11-03,8.55
IE0008368742,2025-11-03,198.55
LU0196696453,2025-11-03,17.81
MU0129U00005,2025-11-03,354.91
IDTG.L,2025-11-03,3.0760
JFM0003373,2025-11-03,176.51
IE0008368742,2025-11-04,197.49
IE00B0M63516,2025-11-04,24.78
GB00B1FXTF86,2025-11-04,8.53
IE0008368742,2025-11-04,197.49
LU0196696453,2025-11-04,17.95
MU0129U00005,2025-11-04,357.21
IDTG.L,2025-11-04,3.0935
JFM0003373,2025-11-04,176.96
IE0008368742,2025-11-05,198.46
IE00B0M63516,2025-11-05,25.16
GB00B1FXTF86,2025-11-05,8.53
IE0008368742,2025-11-05,198.46
LU0196696453,2025-11-05,17.90
MU0129U00005,2025-11-05,356.70
IDTG.L,2025-11-05,3.0590
JFM0003373,2025-11-05,176.11
IE0008368742,2025-11-06,201.01
IE00B0M63516,2025-11-06,25.23
GB00B1FXTF86,2025-11-06,8.49
IE0008368742,2025-11-06,201.01
LU0196696453,2025-11-06,18.13
MU0129U00005,2025-11-06,356.70
IDTG.L,2025-11-06,3.0830
JFM0003373,2025-11-06,176.08
IE0008368742,2025-11-07,199.21
IE00B0M63516,2025-11-07,25.11
GB00B1FXTF86,2025-11-07,8.39
IE0008368742,2025-11-07,199.21
LU0196696453,2025-11-07,18.29
MU0129U00005,2025-11-07,353.60
IDTG.L,2025-11-07,3.0830
JFM0003373,2025-11-07,177.02
IE0008368742,2025-11-08,199.21
IE00B0M63516,2025-11-08,25.11
GB00B1FXTF86,2025-11-08,8.39
IE0008368742,2025-11-08,199.21
LU0196696453,2025-11-08,18.17
MU0129U00005,2025-11-08,353.60
IDTG.L,2025-11-08,3.0830
JFM0003373,2025-11-08,177.02
IE0008368742,2025-11-09,199.21
IE00B0M63516,2025-11-09,25.11
GB00B1FXTF86,2025-11-09,8.39
IE0008368742,2025-11-09,199.21
LU0196696453,2025-11-09,18.17
MU0129U00005,2025-11-09,353.60
IDTG.L,2025-11-09,3.0830
JFM0003373,2025-11-09,177.02
IE0008368742,2025-11-10,200.98
IE00B0M63516,2025-11-10,25.59
GB00B1FXTF86,2025-11-10,8.39
IE0008368742,2025-11-10,200.98
LU0196696453,2025-11-10,18.17
MU0129U00005,2025-11-10,354.84
IDTG.L,2025-11-10,3.0720
JFM0003373,2025-11-10,176.48
IE0008368742,2025-11-11,201.90
IE00B0M63516,2025-11-11,26.20
GB00B1FXTF86,2025-11-11,8.45
IE0008368742,2025-11-11,201.90
LU0196696453,2025-11-11,18.54
MU0129U00005,2025-11-11,356.05
IDTG.L,2025-11-11,3.0880
JFM0003373,2025-11-11,177.01
IE0008368742,2025-11-12,203.62
IE00B0M63516,2025-11-12,25.80
GB00B1FXTF86,2025-11-12,8.56
IE0008368742,2025-11-12,203.62
LU0196696453,2025-11-12,18.95
MU0129U00005,2025-11-12,357.29
IDTG.L,2025-11-12,3.0940
JFM0003373,2025-11-12,176.35
IE0008368742,2025-11-13,204.62
IE00B0M63516,2025-11-13,26.31
GB00B1FXTF86,2025-11-13,8.51
IE0008368742,2025-11-13,204.62
LU0196696453,2025-11-13,18.78
MU0129U00005,2025-11-13,360.39
IDTG.L,2025-11-13,3.0865
JFM0003373,2025-11-13,176.50
IE0008368742,2025-11-14,201.31
IE00B0M63516,2025-11-14,26.31
GB00B1FXTF86,2025-11-14,8.51
IE0008368742,2025-11-14,201.31
LU0196696453,2025-11-14,18.88
MU0129U00005,2025-11-14,359.58
IDTG.L,2025-11-14,3.0600
JFM0003373,2025-11-14,176.33
IE0008368742,2025-11-15,201.31
IE00B0M63516,2025-11-15,26.31
GB00B1FXTF86,2025-11-15,8.51
IE0008368742,2025-11-15,201.31
LU0196696453,2025-11-15,18.90
MU0129U00005,2025-11-15,359.58
IDTG.L,2025-11-15,3.0600
JFM0003373,2025-11-15,176.33
IE0008368742,2025-11-16,201.31
IE00B0M63516,2025-11-16,26.31
GB00B1FXTF86,2025-11-16,8.51
IE0008368742,2025-11-16,201.31
LU0196696453,2025-11-16,18.90
MU0129U00005,2025-11-16,359.58
IDTG.L,2025-11-16,3.0600
JFM0003373,2025-11-16,176.33
IE0008368742,2025-11-17,198.59
IE00B0M63516,2025-11-17,26.20
GB00B1FXTF86,2025-11-17,8.58
IE0008368742,2025-11-17,198.59
LU0196696453,2025-11-17,18.90
MU0129U00005,2025-11-17,358.21
IDTG.L,2025-11-17,3.0675
JFM0003373,2025-11-17,175.16
IE0008368742,2025-11-18,195.30
IE00B0M63516,2025-11-18,25.84
GB00B1FXTF86,2025-11-18,8.48
IE0008368742,2025-11-18,195.30
LU0196696453,2025-11-18,18.47
MU0129U00005,2025-11-18,359.95
IDTG.L,2025-11-18,3.0530
JFM0003373,2025-11-18,176.38
IE0008368742,2025-11-19,194.54
IE00B0M63516,2025-11-19,25.64
GB00B1FXTF86,2025-11-19,8.51
IE0008368742,2025-11-19,194.54
LU0196696453,2025-11-19,18.47
MU0129U00005,2025-11-19,358.09
IDTG.L,2025-11-19,3.0640
JFM0003373,2025-11-19,175.26
QQQ,2025-11-19,599.87
BCHS.L,2025-11-19,11643.0
GRAB,2025-11-19,5.31
KNSL,2025-11-19,378.995
CNX1.L,2025-11-19,107970.0
IWDG.L,2025-11-19,1086.0
QNTG.L,2025-11-19,18.238
ISPE.L,2025-11-19,6.367
GHYS.L,2025-11-19,89.315
EWQX.L,2025-11-19,510.2
IUAG.L,2025-11-19,94.29
FLOS.L,2025-11-19,471.95
0639.HK,2025-11-19,3.15
IE0008368742,2025-11-20,194.10
IE00B0M63516,2025-11-20,25.68
GB00B1FXTF86,2025-11-20,8.53
IE0008368742,2025-11-20,194.10
LU0196696453,2025-11-20,18.44
MU0129U00005,2025-11-20,359.69
IDTG.L,2025-11-20,3.0685
JFM0003373,2025-11-20,175.30
QQQ,2025-11-20,585.67
BCHS.L,2025-11-20,11724.0
GRAB,2025-11-20,4.98
KNSL,2025-11-20,370.2
CNX1.L,2025-11-20,108530.0
IWDG.L,2025-11-20,1093.5
QNTG.L,2025-11-20,17.966
ISPE.L,2025-11-20,6.401
GHYS.L,2025-11-20,89.525
EWQX.L,2025-11-20,511.6
IUAG.L,2025-11-20,94.36
FLOS.L,2025-11-20,472.375
0639.HK,2025-11-20,3.15
IE0008368742,2025-11-21,189.23
IE00B0M63516,2025-11-21,25.22
GB00B1FXTF86,2025-11-21,8.37
IE0008368742,2025-11-21,189.23
LU0196696453,2025-11-21,18.44
MU0129U00005,2025-11-21,360.96
IDTG.L,2025-11-21,3.0685
JFM0003373,2025-11-21,174.30
QQQ,2025-11-21,590.07
BCHS.L,2025-11-21,11062.0
GRAB,2025-11-21,4.9
KNSL,2025-11-21,385.04
CNX1.L,2025-11-21,105550.0
IWDG.L,2025-11-21,1078.5
QNTG.L,2025-11-21,17.413
ISPE.L,2025-11-21,6.395
GHYS.L,2025-11-21,89.35
EWQX.L,2025-11-21,502.65
IUAG.L,2025-11-21,94.33
FLOS.L,2025-11-21,472.05
0639.HK,2025-11-21,3.1
IE0008368742,2025-11-22,189.23
IE00B0M63516,2025-11-22,25.22
GB00B1FXTF86,2025-11-22,8.37
IE0008368742,2025-11-22,189.23
LU0196696453,2025-11-22,17.95
MU0129U00005,2025-11-22,360.96
IDTG.L,2025-11-22,3.0685
JFM0003373,2025-11-22,174.30
QQQ,2025-11-22,590.07
BCHS.L,2025-11-22,11062.0
GRAB,2025-11-22,4.9
KNSL,2025-11-22,384.9
CNX1.L,2025-11-22,105550.0
IWDG.L,2025-11-22,1078.5
QNTG.L,2025-11-22,17.413
ISPE.L,2025-11-22,6.395
GHYS.L,2025-11-22,89.35
EWQX.L,2025-11-22,502.65
IUAG.L,2025-11-22,94.33
FLOS.L,2025-11-22,472.05
0639.HK,2025-11-22,3.1
IE0008368742,2025-11-23,189.23
IE00B0M63516,2025-11-23,25.22
GB00B1FXTF86,2025-11-23,8.37
IE0008368742,2025-11-23,189.23
LU0196696453,2025-11-23,17.95
MU0129U00005,2025-11-23,360.96
IDTG.L,2025-11-23,3.0685
JFM0003373,2025-11-23,174.30
QQQ,2025-11-23,590.07
BCHS.L,2025-11-23,11062.0
GRAB,2025-11-23,4.9
KNSL,2025-11-23,384.9
CNX1.L,2025-11-23,105550.0
IWDG.L,2025-11-23,1078.5
QNTG.L,2025-11-23,17.413
ISPE.L,2025-11-23,6.395
GHYS.L,2025-11-23,89.35
EWQX.L,2025-11-23,502.65
IUAG.L,2025-11-23,94.33
FLOS.L,2025-11-23,472.05
0639.HK,2025-11-23,3.1
IE0008368742,2025-11-24,191.86
IE00B0M63516,2025-11-24,25.54
GB00B1FXTF86,2025-11-24,8.35
IE0008368742,2025-11-24,191.86
LU0196696453,2025-11-24,17.95
MU0129U00005,2025-11-24,355.24
IDTG.L,2025-11-24,3.0885
JFM0003373,2025-11-24,172.83
QQQ,2025-11-24,605.16
BCHS.L,2025-11-24,11686.0
GRAB,2025-11-24,5.25
KNSL,2025-11-24,379.14
CNX1.L,2025-11-24,108470.0
IWDG.L,2025-11-24,1094.0
QNTG.L,2025-11-24,18.165
ISPE.L,2025-11-24,6.455
GHYS.L,2025-11-24,89.67
EWQX.L,2025-11-24,512.45
IUAG.L,2025-11-24,94.45
FLOS.L,2025-11-24,472.525
0639.HK,2025-11-24,3.09
IE0008368742,2025-11-25,193.96
IE00B0M63516,2025-11-25,25.63
GB00B1FXTF86,2025-11-25,8.33
IE0008368742,2025-11-25,193.96
LU0196696453,2025-11-25,18.17
MU0129U00005,2025-11-25,353.94
IDTG.L,2025-11-25,3.1110
JFM0003373,2025-11-25,174.78
QQQ,2025-11-25,608.891
BCHS.L,2025-11-25,11618.0
GRAB,2025-11-25,5.24
KNSL,2025-11-25,386.23
CNX1.L,2025-11-25,107850.0
IWDG.L,2025-11-25,1100.0
QNTG.L,2025-11-25,18.214
ISPE.L,2025-11-25,6.531
GHYS.L,2025-11-25,89.85
EWQX.L,2025-11-25,511.75
IUAG.L,2025-11-25,94.9
FLOS.L,2025-11-25,472.05
0639.HK,2025-11-25,3.1
IE0008368742,2025-11-26,195.41
IE00B0M63516,2025-11-26,26.37
GB00B1FXTF86,2025-11-26,8.36
IE0008368742,2025-11-26,195.41
LU0196696453,2025-11-26,18.21
MU0129U00005,2025-11-26,353.57
IDTG.L,2025-11-26,3.1010
JFM0003373,2025-11-26,175.05
QQQ,2025-11-26,614.27
BCHS.L,2025-11-26,12094.0
GRAB,2025-11-26,5.32
KNSL,2025-11-26,381.28
CNX1.L,2025-11-26,109500.0
IWDG.L,2025-11-26,1115.5
QNTG.L,2025-11-26,18.3
ISPE.L,2025-11-26,6.597
GHYS.L,2025-11-26,89.91
EWQX.L,2025-11-26,516.5
IUAG.L,2025-11-26,94.91
FLOS.L,2025-11-26,472.65
0639.HK,2025-11-26,3.07
IE0008368742,2025-11-27,195.95
IE00B0M63516,2025-11-27,26.44
GB00B1FXTF86,2025-11-27,8.23
IE0008368742,2025-11-27,195.95
LU0196696453,2025-11-27,18.72
MU0129U00005,2025-11-27,357.42
IDTG.L,2025-11-27,3.1155
JFM0003373,2025-11-27,175.69
QQQ,2025-11-27,614.27
BCHS.L,2025-11-27,12372.0
GRAB,2025-11-27,5.32
KNSL,2025-11-27,381.26
CNX1.L,2025-11-27,109270.0
IWDG.L,2025-11-27,1113.5
QNTG.L,2025-11-27,18.426
ISPE.L,2025-11-27,6.585
GHYS.L,2025-11-27,90.075
EWQX.L,2025-11-27,514.6
IUAG.L,2025-11-27,95.07
FLOS.L,2025-11-27,472.45
0639.HK,2025-11-27,2.93
IE0008368742,2025-11-28,196.24
IE00B0M63516,2025-11-28,26.63
GB00B1FXTF86,2025-11-28,8.26
IE0008368742,2025-11-28,196.24
LU0196696453,2025-11-28,18.81
MU0129U00005,2025-11-28,357.97
IDTG.L,2025-11-28,3.0930
JFM0003373,2025-11-28,174.99
QQQ,2025-11-28,619.25
BCHS.L,2025-11-28,12618.0
GRAB,2025-11-28,5.45
KNSL,2025-11-28,384.9
CNX1.L,2025-11-28,109770.0
IWDG.L,2025-11-28,1117.25
QNTG.L,2025-11-28,18.764
ISPE.L,2025-11-28,6.6345
GHYS.L,2025-11-28,89.85
EWQX.L,2025-11-28,518.4
IUAG.L,2025-11-28,94.9
FLOS.L,2025-11-28,472.9
0639.HK,2025-11-28,2.91
IE0008368742,2025-11-29,196.24
IE00B0M63516,2025-11-29,26.63
GB00B1FXTF86,2025-11-29,8.26
IE0008368742,2025-11-29,196.24
LU0196696453,2025-11-29,18.96
MU0129U00005,2025-11-29,357.97
IDTG.L,2025-11-29,3.0930
JFM0003373,2025-11-29,174.99
QQQ,2025-11-29,619.25
BCHS.L,2025-11-29,12618.0
GRAB,2025-11-29,5.45
KNSL,2025-11-29,384.9
CNX1.L,2025-11-29,109770.0
IWDG.L,2025-11-29,1117.25
QNTG.L,2025-11-29,18.764
ISPE.L,2025-11-29,6.6345
GHYS.L,2025-11-29,89.85
EWQX.L,2025-11-29,518.4
IUAG.L,2025-11-29,94.9
FLOS.L,2025-11-29,472.9
0639.HK,2025-11-29,2.91
IE0008368742,2025-11-30,196.24
IE00B0M63516,2025-11-30,26.63
GB00B1FXTF86,2025-11-30,8.26
IE0008368742,2025-11-30,196.24
LU0196696453,2025-11-30,18.96
MU0129U00005,2025-11-30,357.97
IDTG.L,2025-11-30,3.0930
JFM0003373,2025-11-30,174.99
QQQ,2025-11-30,619.25
BCHS.L,2025-11-30,12618.0
GRAB,2025-11-30,5.45
KNSL,2025-11-30,384.9
CNX1.L,2025-11-30,109770.0
IWDG.L,2025-11-30,1117.25
QNTG.L,2025-11-30,18.764
ISPE.L,2025-11-30,6.6345
GHYS.L,2025-11-30,89.85
EWQX.L,2025-11-30,518.4
IUAG.L,2025-11-30,94.9
FLOS.L,2025-11-30,472.9
0639.HK,2025-11-30,2.91
IE0008368742,2025-12-01,197.78
IE00B0M63516,2025-12-01,26.56
GB00B1FXTF86,2025-12-01,8.22
IE0008368742,2025-12-01,197.78
LU0196696453,2025-12-01,18.96
MU0129U00005,2025-12-01,356.73
IDTG.L,2025-12-01,3.0605
JFM0003373,2025-12-01,175.74
QQQ,2025-12-01,617.17
BCHS.L,2025-12-01,12192.0
GRAB,2025-12-01,5.27
KNSL,2025-12-01,377.105
CNX1.L,2025-12-01,109840.0
IWDG.L,2025-12-01,1115.0
QNTG.L,2025-12-01,18.378
ISPE.L,2025-12-01,6.611
GHYS.L,2025-12-01,89.98
EWQX.L,2025-12-01,519.6
IUAG.L,2025-12-01,94.53
FLOS.L,2025-12-01,472.2
0639.HK,2025-12-01,2.89
IE0008368742,2025-12-02,198.35
IE00B0M63516,2025-12-02,26.76
GB00B1FXTF86,2025-12-02,8.18
IE0008368742,2025-12-02,198.35
LU0196696453,2025-12-02,18.93
MU0129U00005,2025-12-02,356.27
IDTG.L,2025-12-02,3.0585
JFM0003373,2025-12-02,176.62
QQQ,2025-12-02,622.0
BCHS.L,2025-12-02,12286.0
GRAB,2025-12-02,5.26
KNSL,2025-12-02,375.64
CNX1.L,2025-12-02,110420.0
IWDG.L,2025-12-02,1115.0
QNTG.L,2025-12-02,18.842
ISPE.L,2025-12-02,6.565
GHYS.L,2025-12-02,89.9
EWQX.L,2025-12-02,521.3
IUAG.L,2025-12-02,94.54
FLOS.L,2025-12-02,473.05
0639.HK,2025-12-02,2.91
IE0008368742,2025-12-03,197.15
IE00B0M63516,2025-12-03,27.13
GB00B1FXTF86,2025-12-03,8.11
IE0008368742,2025-12-03,197.15
LU0196696453,2025-12-03,19.16
MU0129U00005,2025-12-03,353.23
IDTG.L,2025-12-03,3.0600
JFM0003373,2025-12-03,176.80
QQQ,2025-12-03,623.52
BCHS.L,2025-12-03,12112.0
GRAB,2025-12-03,5.27
KNSL,2025-12-03,374.49
CNX1.L,2025-12-03,109890.0
IWDG.L,2025-12-03,1119.0
QNTG.L,2025-12-03,18.58
ISPE.L,2025-12-03,6.613
GHYS.L,2025-12-03,90.05
EWQX.L,2025-12-03,521.9
IUAG.L,2025-12-03,94.64
FLOS.L,2025-12-03,473.05
0639.HK,2025-12-03,2.89
IE0008368742,2025-12-04,198.11
IE00B0M63516,2025-12-04,27.52
GB00B1FXTF86,2025-12-04,8.08
IE0008368742,2025-12-04,198.11
LU0196696453,2025-12-04,19.33
MU0129U00005,2025-12-04,351.88
IDTG.L,2025-12-04,3.0570
JFM0003373,2025-12-04,176.63
QQQ,2025-12-04,622.94
BCHS.L,2025-12-04,12382.0
GRAB,2025-12-04,5.3
KNSL,2025-12-04,360.83
CNX1.L,2025-12-04,109690.0
IWDG.L,2025-12-04,1120.75
QNTG.L,2025-12-04,19.342
ISPE.L,2025-12-04,6.623
GHYS.L,2025-12-04,90.135
EWQX.L,2025-12-04,522.9
IUAG.L,2025-12-04,94.52
FLOS.L,2025-12-04,473.35
0639.HK,2025-12-04,2.87
IE0008368742,2025-12-05,198.97
IE00B0M63516,2025-12-05,26.55
GB00B1FXTF86,2025-12-05,8.12
IE0008368742,2025-12-05,198.97
LU0196696453,2025-12-05,19.76
MU0129U00005,2025-12-05,354.60
IDTG.L,2025-12-05,3.0395
JFM0003373,2025-12-05,176.38
QQQ,2025-12-05,625.48
BCHS.L,2025-12-05,12210.0
GRAB,2025-12-05,5.19
KNSL,2025-12-05,356.337
CNX1.L,2025-12-05,110380.0
IWDG.L,2025-12-05,1122.5
QNTG.L,2025-12-05,19.208
ISPE.L,2025-12-05,6.653
GHYS.L,2025-12-05,90.205
EWQX.L,2025-12-05,527.95
IUAG.L,2025-12-05,94.35
FLOS.L,2025-12-05,473.3
0639.HK,2025-12-05,2.92
IE0008368742,2025-12-06,198.97
IE00B0M63516,2025-12-06,26.55
GB00B1FXTF86,2025-12-06,8.12
IE0008368742,2025-12-06,198.97
LU0196696453,2025-12-06,19.31
MU0129U00005,2025-12-06,354.60
IDTG.L,2025-12-06,3.0395
JFM0003373,2025-12-06,176.38
QQQ,2025-12-06,625.48
BCHS.L,2025-12-06,12210.0
GRAB,2025-12-06,5.19
KNSL,2025-12-06,356.53
CNX1.L,2025-12-06,110380.0
IWDG.L,2025-12-06,1122.5
QNTG.L,2025-12-06,19.208
ISPE.L,2025-12-06,6.653
GHYS.L,2025-12-06,90.205
EWQX.L,2025-12-06,527.95
IUAG.L,2025-12-06,94.35
FLOS.L,2025-12-06,473.3
0639.HK,2025-12-06,2.92
IE0008368742,2025-12-07,198.97
IE00B0M63516,2025-12-07,26.55
GB00B1FXTF86,2025-12-07,8.12
IE0008368742,2025-12-07,198.97
LU0196696453,2025-12-07,19.31
MU0129U00005,2025-12-07,354.60
IDTG.L,2025-12-07,3.0395
JFM0003373,2025-12-07,176.38
QQQ,2025-12-07,625.48
BCHS.L,2025-12-07,12210.0
GRAB,2025-12-07,5.19
KNSL,2025-12-07,356.53
CNX1.L,2025-12-07,110380.0
IWDG.L,2025-12-07,1122.5
QNTG.L,2025-12-07,19.208
ISPE.L,2025-12-07,6.653
GHYS.L,2025-12-07,90.205
EWQX.L,2025-12-07,527.95
IUAG.L,2025-12-07,94.35
FLOS.L,2025-12-07,473.3
0639.HK,2025-12-07,2.92
IE0008368742,2025-12-08,198.49
IE00B0M63516,2025-12-08,26.07
GB00B1FXTF86,2025-12-08,8.00
IE0008368742,2025-12-08,198.49
LU0196696453,2025-12-08,19.31
MU0129U00005,2025-12-08,356.01
IDTG.L,2025-12-08,3.0275
JFM0003373,2025-12-08,176.47
QQQ,2025-12-08,624.28
BCHS.L,2025-12-08,12314.0
GRAB,2025-12-08,5.16
KNSL,2025-12-08,354.612
CNX1.L,2025-12-08,110310.0
IWDG.L,2025-12-08,1120.5
QNTG.L,2025-12-08,19.328
ISPE.L,2025-12-08,6.62
GHYS.L,2025-12-08,89.91
EWQX.L,2025-12-08,524.75
IUAG.L,2025-12-08,94.15
FLOS.L,2025-12-08,473.35
0639.HK,2025-12-08,2.86
IE0008368742,2025-12-09,196.45
IE00B0M63516,2025-12-09,25.96
GB00B1FXTF86,2025-12-09,8.04
IE0008368742,2025-12-09,196.45
LU0196696453,2025-12-09,18.47
MU0129U00005,2025-12-09,352.23
IDTG.L,2025-12-09,3.0350
JFM0003373,2025-12-09,175.39
QQQ,2025-12-09,625.05
BCHS.L,2025-12-09,12631.0
GRAB,2025-12-09,5.15
KNSL,2025-12-09,372.153
CNX1.L,2025-12-09,110590.0
IWDG.L,2025-12-09,1123.0
QNTG.L,2025-12-09,19.499
ISPE.L,2025-12-09,6.624
GHYS.L,2025-12-09,89.95
EWQX.L,2025-12-09,525.05
IUAG.L,2025-12-09,94.28
FLOS.L,2025-12-09,473.325
0639.HK,2025-12-09,2.86
IE0008368742,2025-12-10,196.49
IE00B0M63516,2025-12-10,25.82
GB00B1FXTF86,2025-12-10,7.98
IE0008368742,2025-12-10,196.49
LU0196696453,2025-12-10,18.52
MU0129U00005,2025-12-10,352.28
IDTG.L,2025-12-10,3.0430
JFM0003373,2025-12-10,175.62
QQQ,2025-12-10,627.61
BCHS.L,2025-12-10,12380.0
GRAB,2025-12-10,5.18
KNSL,2025-12-10,378.065
CNX1.L,2025-12-10,110240.0
IWDG.L,2025-12-10,1121.0
QNTG.L,2025-12-10,19.103
ISPE.L,2025-12-10,6.62
GHYS.L,2025-12-10,89.87
EWQX.L,2025-12-10,523.5
IUAG.L,2025-12-10,94.22
FLOS.L,2025-12-10,473.5
0639.HK,2025-12-10,2.96
IE0008368742,2025-12-11,195.82
IE00B0M63516,2025-12-11,26.26
GB00B1FXTF86,2025-12-11,7.96
IE0008368742,2025-12-11,195.82
LU0196696453,2025-12-11,18.43
MU0129U00005,2025-12-11,350.89
IDTG.L,2025-12-11,2.9825
JFM0003373,2025-12-11,175.23
QQQ,2025-12-11,625.58
BCHS.L,2025-12-11,12075.0
GRAB,2025-12-11,5.18
KNSL,2025-12-11,387.55
CNX1.L,2025-12-11,108870.0
IWDG.L,2025-12-11,1124.5
QNTG.L,2025-12-11,18.892
ISPE.L,2025-12-11,6.721
GHYS.L,2025-12-11,90.03
EWQX.L,2025-12-11,521.5
IUAG.L,2025-12-11,94.6
FLOS.L,2025-12-11,473.75
0639.HK,2025-12-11,2.94
IE0008368742,2025-12-12,199.52
IE00B0M63516,2025-12-12,26.14
GB00B1FXTF86,2025-12-12,7.98
IE0008368742,2025-12-12,199.52
LU0196696453,2025-12-12,18.80
MU0129U00005,2025-12-12,352.50
IDTG.L,2025-12-12,2.9420
JFM0003373,2025-12-12,175.31
QQQ,2025-12-12,613.62
BCHS.L,2025-12-12,12095.0
GRAB,2025-12-12,5.15
KNSL,2025-12-12,391.27
CNX1.L,2025-12-12,108120.0
IWDG.L,2025-12-12,1117.5
QNTG.L,2025-12-12,18.873
ISPE.L,2025-12-12,6.692
GHYS.L,2025-12-12,90.01
EWQX.L,2025-12-12,522.5
IUAG.L,2025-12-12,94.16
FLOS.L,2025-12-12,473.75
0639.HK,2025-12-12,2.95
IE0008368742,2025-12-13,199.52
IE00B0M63516,2025-12-13,26.14
GB00B1FXTF86,2025-12-13,7.98
IE0008368742,2025-12-13,199.52
LU0196696453,2025-12-13,18.75
MU0129U00005,2025-12-13,352.50
IDTG.L,2025-12-13,2.9420
JFM0003373,2025-12-13,175.31
QQQ,2025-12-13,613.62
BCHS.L,2025-12-13,12095.0
GRAB,2025-12-13,5.15
KNSL,2025-12-13,391.76
CNX1.L,2025-12-13,108120.0
IWDG.L,2025-12-13,1117.5
QNTG.L,2025-12-13,18.873
ISPE.L,2025-12-13,6.692
GHYS.L,2025-12-13,90.01
EWQX.L,2025-12-13,522.5
IUAG.L,2025-12-13,94.16
FLOS.L,2025-12-13,473.75
0639.HK,2025-12-13,2.95
IE0008368742,2025-12-14,199.52
IE00B0M63516,2025-12-14,26.14
GB00B1FXTF86,2025-12-14,7.98
IE0008368742,2025-12-14,199.52
LU0196696453,2025-12-14,18.75
MU0129U00005,2025-12-14,352.50
IDTG.L,2025-12-14,2.9420
JFM0003373,2025-12-14,175.31
QQQ,2025-12-14,613.62
BCHS.L,2025-12-14,12095.0
GRAB,2025-12-14,5.15
KNSL,2025-12-14,391.76
CNX1.L,2025-12-14,108120.0
IWDG.L,2025-12-14,1117.5
QNTG.L,2025-12-14,18.873
ISPE.L,2025-12-14,6.692
GHYS.L,2025-12-14,90.01
EWQX.L,2025-12-14,522.5
IUAG.L,2025-12-14,94.16
FLOS.L,2025-12-14,473.75
0639.HK,2025-12-14,2.95
IE0008368742,2025-12-15,198.34
IE00B0M63516,2025-12-15,26.72
GB00B1FXTF86,2025-12-15,7.96
IE0008368742,2025-12-15,198.34
LU0196696453,2025-12-15,18.75
MU0129U00005,2025-12-15,354.50
IDTG.L,2025-12-15,2.9570
JFM0003373,2025-12-15,176.62
QQQ,2025-12-15,610.54
BCHS.L,2025-12-15,11697.0
GRAB,2025-12-15,5.02
KNSL,2025-12-15,392.16
CNX1.L,2025-12-15,107940.0
IWDG.L,2025-12-15,1120.5
QNTG.L,2025-12-15,18.592
ISPE.L,2025-12-15,6.685
GHYS.L,2025-12-15,89.95
EWQX.L,2025-12-15,520.95
IUAG.L,2025-12-15,94.32
FLOS.L,2025-12-15,473.35
0639.HK,2025-12-15,2.92
IE0008368742,2025-12-16,195.98
IE00B0M63516,2025-12-16,25.91
GB00B1FXTF86,2025-12-16,7.85
IE0008368742,2025-12-16,195.98
LU0196696453,2025-12-16,19.10
MU0129U00005,2025-12-16,352.76
IDTG.L,2025-12-16,2.9550
JFM0003373,2025-12-16,177.40
QQQ,2025-12-16,611.75
BCHS.L,2025-12-16,11354.0
GRAB,2025-12-16,4.95
KNSL,2025-12-16,385.32
CNX1.L,2025-12-16,106880.0
IWDG.L,2025-12-16,1112.5
QNTG.L,2025-12-16,18.466
ISPE.L,2025-12-16,6.658
GHYS.L,2025-12-16,89.95
EWQX.L,2025-12-16,514.5
IUAG.L,2025-12-16,94.44
FLOS.L,2025-12-16,473.55
0639.HK,2025-12-16,2.9
IE0008368742,2025-12-17,197.49
IE00B0M63516,2025-12-17,25.17
GB00B1FXTF86,2025-12-17,7.92
IE0008368742,2025-12-17,197.49
LU0196696453,2025-12-17,18.53
MU0129U00005,2025-12-17,350.30
IDTG.L,2025-12-17,2.9605
JFM0003373,2025-12-17,177.12
QQQ,2025-12-17,600.41
BCHS.L,2025-12-17,11294.0
GRAB,2025-12-17,4.87
KNSL,2025-12-17,377.7075
CNX1.L,2025-12-17,106150.0
IWDG.L,2025-12-17,1108.5
QNTG.L,2025-12-17,18.593
ISPE.L,2025-12-17,6.646
GHYS.L,2025-12-17,90.24
EWQX.L,2025-12-17,514.9
IUAG.L,2025-12-17,94.455
FLOS.L,2025-12-17,474.1
0639.HK,2025-12-17,2.88
IE0008368742,2025-12-18,196.54
IE00B0M63516,2025-12-18,25.48
GB00B1FXTF86,2025-12-18,7.91
IE0008368742,2025-12-18,196.54
LU0196696453,2025-12-18,18.02
MU0129U00005,2025-12-18,350.67
IDTG.L,2025-12-18,2.9795
JFM0003373,2025-12-18,176.09
QQQ,2025-12-18,609.11
BCHS.L,2025-12-18,11402.0
GRAB,2025-12-18,4.92
KNSL,2025-12-18,395.19
CNX1.L,2025-12-18,107740.0
IWDG.L,2025-12-18,1118.0
QNTG.L,2025-12-18,18.437
ISPE.L,2025-12-18,6.683
GHYS.L,2025-12-18,90.25
EWQX.L,2025-12-18,518.5
IUAG.L,2025-12-18,94.65
FLOS.L,2025-12-18,473.6
0639.HK,2025-12-18,2.89
IE0008368742,2025-12-19,197.48
IE00B0M63516,2025-12-19,25.71
GB00B1FXTF86,2025-12-19,8.05
IE0008368742,2025-12-19,197.48
LU0196696453,2025-12-19,18.26
MU0129U00005,2025-12-19,352.47
IDTG.L,2025-12-19,2.9630
JFM0003373,2025-12-19,176.33
QQQ,2025-12-19,617.05
BCHS.L,2025-12-19,11654.0
GRAB,2025-12-19,4.93
KNSL,2025-12-19,398.38
CNX1.L,2025-12-19,108570.0
IWDG.L,2025-12-19,1123.0
QNTG.L,2025-12-19,18.784
ISPE.L,2025-12-19,6.677
GHYS.L,2025-12-19,90.17
EWQX.L,2025-12-19,521.4
IUAG.L,2025-12-19,94.68
FLOS.L,2025-12-19,474.0
0639.HK,2025-12-19,2.9
IE0008368742,2025-12-20,197.48
IE00B0M63516,2025-12-20,25.71
GB00B1FXTF86,2025-12-20,8.05
IE0008368742,2025-12-20,197.48
LU0196696453,2025-12-20,18.36
MU0129U00005,2025-12-20,352.47
IDTG.L,2025-12-20,2.9630
JFM0003373,2025-12-20,176.33
QQQ,2025-12-20,617.05
BCHS.L,2025-12-20,11654.0
GRAB,2025-12-20,4.93
KNSL,2025-12-20,399.29
CNX1.L,2025-12-20,108570.0
IWDG.L,2025-12-20,1123.0
QNTG.L,2025-12-20,18.784
ISPE.L,2025-12-20,6.677
GHYS.L,2025-12-20,90.17
EWQX.L,2025-12-20,521.4
IUAG.L,2025-12-20,94.68
FLOS.L,2025-12-20,474.0
0639.HK,2025-12-20,2.9
IE0008368742,2025-12-21,197.48
IE00B0M63516,2025-12-21,25.71
GB00B1FXTF86,2025-12-21,8.05
IE0008368742,2025-12-21,197.48
LU0196696453,2025-12-21,18.36
MU0129U00005,2025-12-21,352.47
IDTG.L,2025-12-21,2.9630
JFM0003373,2025-12-21,176.33
QQQ,2025-12-21,617.05
BCHS.L,2025-12-21,11654.0
GRAB,2025-12-21,4.93
KNSL,2025-12-21,399.29
CNX1.L,2025-12-21,108570.0
IWDG.L,2025-12-21,1123.0
QNTG.L,2025-12-21,18.784
ISPE.L,2025-12-21,6.677
GHYS.L,2025-12-21,90.17
EWQX.L,2025-12-21,521.4
IUAG.L,2025-12-21,94.68
FLOS.L,2025-12-21,474.0
0639.HK,2025-12-21,2.9
IE0008368742,2025-12-22,198.25
IE00B0M63516,2025-12-22,25.28
GB00B1FXTF86,2025-12-22,8.04
IE0008368742,2025-12-22,198.25
LU0196696453,2025-12-22,18.36
MU0129U00005,2025-12-22,358.32
IDTG.L,2025-12-22,2.9592
JFM0003373,2025-12-22,176.06
QQQ,2025-12-22,619.165
BCHS.L,2025-12-22,11903.0
GRAB,2025-12-22,5.18
KNSL,2025-12-22,399.55
CNX1.L,2025-12-22,108600.0
IWDG.L,2025-12-22,1127.0
QNTG.L,2025-12-22,19.14
ISPE.L,2025-12-22,6.7165
GHYS.L,2025-12-22,90.16
EWQX.L,2025-12-22,521.15
IUAG.L,2025-12-22,94.44
FLOS.L,2025-12-22,474.0
0639.HK,2025-12-22,2.9
IE0008368742,2025-12-23,198.21
IE00B0M63516,2025-12-23,25.59
GB00B1FXTF86,2025-12-23,8.00
IE0008368742,2025-12-23,198.21
LU0196696453,2025-12-23,18.08
MU0129U00005,2025-12-23,358.62
IDTG.L,2025-12-23,2.9600
JFM0003373,2025-12-23,178.86
QQQ,2025-12-23,622.11
BCHS.L,2025-12-23,11754.0
GRAB,2025-12-23,5.08
KNSL,2025-12-23,397.1
CNX1.L,2025-12-23,108560.0
IWDG.L,2025-12-23,1130.0
QNTG.L,2025-12-23,19.017
ISPE.L,2025-12-23,6.689
GHYS.L,2025-12-23,90.53
EWQX.L,2025-12-23,517.2
IUAG.L,2025-12-23,94.515
FLOS.L,2025-12-23,474.3
0639.HK,2025-12-23,2.91
IE0008368742,2025-12-24,198.16
IE00B0M63516,2025-12-24,25.81
GB00B1FXTF86,2025-12-24,8.00
IE0008368742,2025-12-24,198.16
LU0196696453,2025-12-24,18.37
MU0129U00005,2025-12-24,358.62
IDTG.L,2025-12-24,2.9630
JFM0003373,2025-12-24,179.37
QQQ,2025-12-24,623.93
BCHS.L,2025-12-24,11678.0
GRAB,2025-12-24,5.13
KNSL,2025-12-24,396.64
CNX1.L,2025-12-24,108650.0
IWDG.L,2025-12-24,1131.75
QNTG.L,2025-12-24,18.86
ISPE.L,2025-12-24,6.699
GHYS.L,2025-12-24,90.24
EWQX.L,2025-12-24,517.5
IUAG.L,2025-12-24,94.56
FLOS.L,2025-12-24,474.0
0639.HK,2025-12-24,2.98
IE0008368742,2025-12-25,198.16
IE00B0M63516,2025-12-25,25.81
GB00B1FXTF86,2025-12-25,8.00
IE0008368742,2025-12-25,198.16
LU0196696453,2025-12-25,18.37
MU0129U00005,2025-12-25,358.62
IDTG.L,2025-12-25,2.9630
JFM0003373,2025-12-25,179.37
QQQ,2025-12-25,623.93
BCHS.L,2025-12-25,11678.0
GRAB,2025-12-25,5.13
KNSL,2025-12-25,396.64
CNX1.L,2025-12-25,108650.0
IWDG.L,2025-12-25,1131.75
QNTG.L,2025-12-25,18.86
ISPE.L,2025-12-25,6.699
GHYS.L,2025-12-25,90.24
EWQX.L,2025-12-25,517.5
IUAG.L,2025-12-25,94.56
FLOS.L,2025-12-25,474.0
0639.HK,2025-12-25,2.98
IE0008368742,2025-12-26,"Error: Page.goto: Timeout 30000ms exceeded.
Call log:
  - navigating to ""https://markets.ft.com/data/funds/tearsheet/summary?s=IE0008368742"", waiting until ""domcontentloaded""
"
IE00B0M63516,2025-12-26,25.81
GB00B1FXTF86,2025-12-26,8.00
IE0008368742,2025-12-26,198.16
LU0196696453,2025-12-26,18.37
MU0129U00005,2025-12-26,358.62
IDTG.L,2025-12-26,2.9630
JFM0003373,2025-12-26,179.37
QQQ,2025-12-26,623.89
BCHS.L,2025-12-26,11678.0
GRAB,2025-12-26,5.15
KNSL,2025-12-26,393.69
CNX1.L,2025-12-26,108650.0
IWDG.L,2025-12-26,1131.75
QNTG.L,2025-12-26,18.86
ISPE.L,2025-12-26,6.699
GHYS.L,2025-12-26,90.24
EWQX.L,2025-12-26,517.5
IUAG.L,2025-12-26,94.56
FLOS.L,2025-12-26,474.0
0639.HK,2025-12-26,2.98
IE0008368742,2025-12-27,198.16
IE00B0M63516,2025-12-27,25.81
GB00B1FXTF86,2025-12-27,8.00
IE0008368742,2025-12-27,198.16
LU0196696453,2025-12-27,18.37
MU0129U00005,2025-12-27,358.62
IDTG.L,2025-12-27,2.9630
JFM0003373,2025-12-27,179.37
QQQ,2025-12-27,623.89
BCHS.L,2025-12-27,11678.0
GRAB,2025-12-27,5.15
KNSL,2025-12-27,393.39
CNX1.L,2025-12-27,108650.0
IWDG.L,2025-12-27,1131.75
QNTG.L,2025-12-27,18.86
ISPE.L,2025-12-27,6.699
GHYS.L,2025-12-27,90.24
EWQX.L,2025-12-27,517.5
IUAG.L,2025-12-27,94.56
FLOS.L,2025-12-27,474.0
0639.HK,2025-12-27,2.98
IE0008368742,2025-12-28,198.16
IE00B0M63516,2025-12-28,25.81
GB00B1FXTF86,2025-12-28,8.00
IE0008368742,2025-12-28,198.16
LU0196696453,2025-12-28,18.37
MU0129U00005,2025-12-28,358.62
IDTG.L,2025-12-28,2.9630
JFM0003373,2025-12-28,179.37
QQQ,2025-12-28,623.89
BCHS.L,2025-12-28,11678.0
GRAB,2025-12-28,5.15
KNSL,2025-12-28,393.39
CNX1.L,2025-12-28,108650.0
IWDG.L,2025-12-28,1131.75
QNTG.L,2025-12-28,18.86
ISPE.L,2025-12-28,6.699
GHYS.L,2025-12-28,90.24
EWQX.L,2025-12-28,517.5
IUAG.L,2025-12-28,94.56
FLOS.L,2025-12-28,474.0
0639.HK,2025-12-28,2.98
IE0008368742,2025-12-29,198.16
IE00B0M63516,2025-12-29,25.35
GB00B1FXTF86,2025-12-29,7.94
IE0008368742,2025-12-29,198.16
LU0196696453,2025-12-29,18.37
MU0129U00005,2025-12-29,357.07
IDTG.L,2025-12-29,2.9770
JFM0003373,2025-12-29,179.88
QQQ,2025-12-29,620.87
BCHS.L,2025-12-29,11556.0
GRAB,2025-12-29,5.1
KNSL,2025-12-29,395.23
CNX1.L,2025-12-29,108350.0
IWDG.L,2025-12-29,1129.5
QNTG.L,2025-12-29,18.46
ISPE.L,2025-12-29,6.708
GHYS.L,2025-12-29,90.27
EWQX.L,2025-12-29,518.05
IUAG.L,2025-12-29,94.74
FLOS.L,2025-12-29,473.95
0639.HK,2025-12-29,2.94
IE0008368742,2025-12-30,197.90
IE00B0M63516,2025-12-30,26.07
GB00B1FXTF86,2025-12-30,7.93
IE0008368742,2025-12-30,197.90
LU0196696453,2025-12-30,18.29
MU0129U00005,2025-12-30,353.08
IDTG.L,2025-12-30,2.9775
JFM0003373,2025-12-30,179.20
QQQ,2025-12-30,619.43
BCHS.L,2025-12-30,11584.0
GRAB,2025-12-30,5.065
KNSL,2025-12-30,395.5
CNX1.L,2025-12-30,108790.0
IWDG.L,2025-12-30,1134.0
QNTG.L,2025-12-30,18.8
ISPE.L,2025-12-30,6.714
GHYS.L,2025-12-30,90.57
EWQX.L,2025-12-30,520.0
IUAG.L,2025-12-30,94.81
FLOS.L,2025-12-30,474.4
0639.HK,2025-12-30,2.92
IE0008368742,2025-12-31,196.37
IE00B0M63516,2025-12-31,26.08
GB00B1FXTF86,2025-12-31,8.01
IE0008368742,2025-12-31,196.37
LU0196696453,2025-12-31,18.63
MU0129U00005,2025-12-31,352.68
IDTG.L,2025-12-31,2.9780
JFM0003373,2025-12-31,179.43
QQQ,2025-12-31,614.31
BCHS.L,2025-12-31,11424.0
GRAB,2025-12-31,4.99
KNSL,2025-12-31,391.19
CNX1.L,2025-12-31,108390.0
IWDG.L,2025-12-31,1130.5
QNTG.L,2025-12-31,18.564
ISPE.L,2025-12-31,6.703
GHYS.L,2025-12-31,90.4
EWQX.L,2025-12-31,516.0
IUAG.L,2025-12-31,94.9
FLOS.L,2025-12-31,474.375
0639.HK,2025-12-31,2.93
IE0008368742,2026-01-01,196.37
IE00B0M63516,2026-01-01,26.08
GB00B1FXTF86,2026-01-01,8.01
IE0008368742,2026-01-01,196.37
LU0196696453,2026-01-01,18.63
MU0129U00005,2026-01-01,352.68
IDTG.L,2026-01-01,2.9780
JFM0003373,2026-01-01,179.43
QQQ,2026-01-01,614.31
BCHS.L,2026-01-01,11424.0
GRAB,2026-01-01,4.99
KNSL,2026-01-01,391.12
CNX1.L,2026-01-01,108390.0
IWDG.L,2026-01-01,1130.5
QNTG.L,2026-01-01,18.564
ISPE.L,2026-01-01,6.703
GHYS.L,2026-01-01,90.4
EWQX.L,2026-01-01,516.0
IUAG.L,2026-01-01,94.9
FLOS.L,2026-01-01,474.375
0639.HK,2026-01-01,2.93
IE0008368742,2026-01-02,199.91
IE00B0M63516,2026-01-02,26.17
GB00B1FXTF86,2026-01-02,8.07
IE0008368742,2026-01-02,199.91
LU0196696453,2026-01-02,18.63
MU0129U00005,2026-01-02,354.98
IDTG.L,2026-01-02,2.9500
JFM0003373,2026-01-02,179.09
QQQ,2026-01-02,613.12
BCHS.L,2026-01-02,11761.0
GRAB,2026-01-02,5.08
KNSL,2026-01-02,392.78
CNX1.L,2026-01-02,107170.0
IWDG.L,2026-01-02,1126.5
QNTG.L,2026-01-02,18.678
ISPE.L,2026-01-02,6.679
GHYS.L,2026-01-02,90.48
EWQX.L,2026-01-02,512.0
IUAG.L,2026-01-02,94.57
FLOS.L,2026-01-02,474.5
0639.HK,2026-01-02,2.98
IE0008368742,2026-01-03,199.91
IE00B0M63516,2026-01-03,26.17
GB00B1FXTF86,2026-01-03,8.07
IE0008368742,2026-01-03,199.91
LU0196696453,2026-01-03,18.70
MU0129U00005,2026-01-03,354.98
IDTG.L,2026-01-03,2.9500
JFM0003373,2026-01-03,179.09
QQQ,2026-01-03,613.12
BCHS.L,2026-01-03,11761.0
GRAB,2026-01-03,5.08
KNSL,2026-01-03,392.46
CNX1.L,2026-01-03,107170.0
IWDG.L,2026-01-03,1126.5
QNTG.L,2026-01-03,18.678
ISPE.L,2026-01-03,6.679
GHYS.L,2026-01-03,90.48
EWQX.L,2026-01-03,512.0
IUAG.L,2026-01-03,94.57
FLOS.L,2026-01-03,474.5
0639.HK,2026-01-03,2.98
IE0008368742,2026-01-04,199.91
IE00B0M63516,2026-01-04,26.17
GB00B1FXTF86,2026-01-04,8.07
IE0008368742,2026-01-04,199.91
LU0196696453,2026-01-04,18.70
MU0129U00005,2026-01-04,354.98
IDTG.L,2026-01-04,2.9500
JFM0003373,2026-01-04,179.09
QQQ,2026-01-04,613.12
BCHS.L,2026-01-04,11761.0
GRAB,2026-01-04,5.08
KNSL,2026-01-04,392.46
CNX1.L,2026-01-04,107170.0
IWDG.L,2026-01-04,1126.5
QNTG.L,2026-01-04,18.678
ISPE.L,2026-01-04,6.679
GHYS.L,2026-01-04,90.48
EWQX.L,2026-01-04,512.0
IUAG.L,2026-01-04,94.57
FLOS.L,2026-01-04,474.5
0639.HK,2026-01-04,2.98
IE0008368742,2026-01-05,201.24
IE00B0M63516,2026-01-05,26.59
GB00B1FXTF86,2026-01-05,8.01
IE0008368742,2026-01-05,201.24
LU0196696453,2026-01-05,18.70
MU0129U00005,2026-01-05,354.98
IDTG.L,2026-01-05,2.9580
JFM0003373,2026-01-05,179.87
QQQ,2026-01-05,617.99
BCHS.L,2026-01-05,12368.0
GRAB,2026-01-05,5.09
KNSL,2026-01-05,396.763
CNX1.L,2026-01-05,108170.0
IWDG.L,2026-01-05,1139.5
QNTG.L,2026-01-05,19.31
ISPE.L,2026-01-05,6.742
GHYS.L,2026-01-05,90.6
EWQX.L,2026-01-05,516.8
IUAG.L,2026-01-05,94.65
FLOS.L,2026-01-05,474.5
0639.HK,2026-01-05,2.98
IE0008368742,2026-01-06,204.94
IE00B0M63516,2026-01-06,27.19
GB00B1FXTF86,2026-01-06,8.00
IE0008368742,2026-01-06,204.94
LU0196696453,2026-01-06,19.00
MU0129U00005,2026-01-06,353.91
IDTG.L,2026-01-06,2.9556
JFM0003373,2026-01-06,182.37
QQQ,2026-01-06,623.625
BCHS.L,2026-01-06,12508.126
GRAB,2026-01-06,5.27
KNSL,2026-01-06,400.51
CNX1.L,2026-01-06,108530.0
IWDG.L,2026-01-06,1142.902
QNTG.L,2026-01-06,19.4363
ISPE.L,2026-01-06,6.7812
GHYS.L,2026-01-06,90.85
EWQX.L,2026-01-06,521.16
IUAG.L,2026-01-06,94.64
FLOS.L,2026-01-06,474.709
0639.HK,2026-01-06,3.01
IE0008368742,2026-01-07,205.29
IE00B0M63516,2026-01-07,26.77
GB00B1FXTF86,2026-01-07,8.00
IE0008368742,2026-01-07,205.29
LU0196696453,2026-01-07,19.40
MU0129U00005,2026-01-07,353.91
IDTG.L,2026-01-07,2.9775
JFM0003373,2026-01-07,184.01
QQQ,2026-01-07,624.185
BCHS.L,2026-01-07,12374.0
GRAB,2026-01-07,5.08
KNSL,2026-01-07,398.54
CNX1.L,2026-01-07,109540.0
IWDG.L,2026-01-07,1144.0
QNTG.L,2026-01-07,19.79
ISPE.L,2026-01-07,6.793
GHYS.L,2026-01-07,90.89
EWQX.L,2026-01-07,526.55
IUAG.L,2026-01-07,94.83
FLOS.L,2026-01-07,474.75
0639.HK,2026-01-07,3.19
IE0008368742,2026-01-08,202.71
IE00B0M63516,2026-01-08,26.80
GB00B1FXTF86,2026-01-08,7.92
IE0008368742,2026-01-08,202.71
LU0196696453,2026-01-08,19.10
MU0129U00005,2026-01-08,355.01
IDTG.L,2026-01-08,2.9565
JFM0003373,2026-01-08,183.31
QQQ,2026-01-08,620.47
BCHS.L,2026-01-08,12315.0
GRAB,2026-01-08,4.88
KNSL,2026-01-08,410.67
CNX1.L,2026-01-08,108650.0
IWDG.L,2026-01-08,1139.5
QNTG.L,2026-01-08,19.652
ISPE.L,2026-01-08,6.818
GHYS.L,2026-01-08,90.77
EWQX.L,2026-01-08,524.05
IUAG.L,2026-01-08,94.65
FLOS.L,2026-01-08,475.1
0639.HK,2026-01-08,3.22
IE0008368742,2026-01-09,204.10
IE00B0M63516,2026-01-09,27.11
GB00B1FXTF86,2026-01-09,7.85
IE0008368742,2026-01-09,204.10
LU0196696453,2026-01-09,19.16
MU0129U00005,2026-01-09,350.60
IDTG.L,2026-01-09,2.9705
JFM0003373,2026-01-09,180.97
QQQ,2026-01-09,626.695
BCHS.L,2026-01-09,12482.0
GRAB,2026-01-09,4.85
KNSL,2026-01-09,397.775
CNX1.L,2026-01-09,109850.0
IWDG.L,2026-01-09,1147.5
QNTG.L,2026-01-09,19.865
ISPE.L,2026-01-09,6.847
GHYS.L,2026-01-09,90.82
EWQX.L,2026-01-09,528.75
IUAG.L,2026-01-09,94.95
FLOS.L,2026-01-09,474.95
0639.HK,2026-01-09,3.3
IE0008368742,2026-01-10,204.10
IE00B0M63516,2026-01-10,27.11
GB00B1FXTF86,2026-01-10,7.85
IE0008368742,2026-01-10,204.10
LU0196696453,2026-01-10,19.41
MU0129U00005,2026-01-10,350.60
IDTG.L,2026-01-10,2.9705
JFM0003373,2026-01-10,180.97
QQQ,2026-01-10,626.65
BCHS.L,2026-01-10,12482.0
GRAB,2026-01-10,4.85
KNSL,2026-01-10,397.45
CNX1.L,2026-01-10,109850.0
IWDG.L,2026-01-10,1147.5
QNTG.L,2026-01-10,19.865
ISPE.L,2026-01-10,6.847
GHYS.L,2026-01-10,90.82
EWQX.L,2026-01-10,528.75
IUAG.L,2026-01-10,94.95
FLOS.L,2026-01-10,474.95
0639.HK,2026-01-10,3.3
IE0008368742,2026-01-11,204.10
IE00B0M63516,2026-01-11,27.11
GB00B1FXTF86,2026-01-11,7.85
IE0008368742,2026-01-11,204.10
LU0196696453,2026-01-11,19.41
MU0129U00005,2026-01-11,350.60
IDTG.L,2026-01-11,2.9705
JFM0003373,2026-01-11,180.97
QQQ,2026-01-11,626.695
BCHS.L,2026-01-11,12482.0
GRAB,2026-01-11,4.85
KNSL,2026-01-11,397.45
CNX1.L,2026-01-11,109850.0
IWDG.L,2026-01-11,1147.5
QNTG.L,2026-01-11,19.865
ISPE.L,2026-01-11,6.847
GHYS.L,2026-01-11,90.82
EWQX.L,2026-01-11,528.75
IUAG.L,2026-01-11,94.95
FLOS.L,2026-01-11,474.95
0639.HK,2026-01-11,3.3
IE0008368742,2026-01-12,205.11
IE00B0M63516,2026-01-12,26.97
GB00B1FXTF86,2026-01-12,7.81
IE0008368742,2026-01-12,205.11
LU0196696453,2026-01-12,19.41
MU0129U00005,2026-01-12,346.82
IDTG.L,2026-01-12,2.9655
JFM0003373,2026-01-12,180.80
QQQ,2026-01-12,627.17
BCHS.L,2026-01-12,12558.0
GRAB,2026-01-12,4.89
KNSL,2026-01-12,390.67
CNX1.L,2026-01-12,109780.0
IWDG.L,2026-01-12,1152.0
QNTG.L,2026-01-12,19.626
ISPE.L,2026-01-12,6.858
GHYS.L,2026-01-12,90.8
EWQX.L,2026-01-12,526.15
IUAG.L,2026-01-12,94.71
FLOS.L,2026-01-12,475.45
0639.HK,2026-01-12,3.23
IE0008368742,2026-01-13,205.04
IE00B0M63516,2026-01-13,26.58
GB00B1FXTF86,2026-01-13,7.81
IE0008368742,2026-01-13,205.04
LU0196696453,2026-01-13,19.26
MU0129U00005,2026-01-13,347.20
IDTG.L,2026-01-13,2.9650
JFM0003373,2026-01-13,181.53
QQQ,2026-01-13,626.24
BCHS.L,2026-01-13,12464.0
GRAB,2026-01-13,4.79
KNSL,2026-01-13,380.82
CNX1.L,2026-01-13,110070.0
IWDG.L,2026-01-13,1151.5
QNTG.L,2026-01-13,19.778
ISPE.L,2026-01-13,6.853
GHYS.L,2026-01-13,91.11
EWQX.L,2026-01-13,526.45
IUAG.L,2026-01-13,94.76
FLOS.L,2026-01-13,475.225
0639.HK,2026-01-13,3.3
IE0008368742,2026-01-14,202.78
IE00B0M63516,2026-01-14,26.92
GB00B1FXTF86,2026-01-14,7.75
IE0008368742,2026-01-14,202.78
LU0196696453,2026-01-14,18.97
MU0129U00005,2026-01-14,347.15
IDTG.L,2026-01-14,2.9905
JFM0003373,2026-01-14,181.99
QQQ,2026-01-14,619.55
BCHS.L,2026-01-14,12752.0
GRAB,2026-01-14,4.63
KNSL,2026-01-14,396.24
CNX1.L,2026-01-14,108270.0
IWDG.L,2026-01-14,1144.5
QNTG.L,2026-01-14,19.74
ISPE.L,2026-01-14,6.882
GHYS.L,2026-01-14,90.79
EWQX.L,2026-01-14,522.95
IUAG.L,2026-01-14,95.0
FLOS.L,2026-01-14,475.1
0639.HK,2026-01-14,3.31
IE0008368742,2026-01-15,"Error: Page.goto: Timeout 30000ms exceeded.
Call log:
  - navigating to ""https://markets.ft.com/data/funds/tearsheet/summary?s=IE0008368742"", waiting until ""domcontentloaded""
"
IE00B0M63516,2026-01-15,27.24
GB00B1FXTF86,2026-01-15,7.78
IE0008368742,2026-01-15,200.78
LU0196696453,2026-01-15,19.09
MU0129U00005,2026-01-15,345.88
IDTG.L,2026-01-15,2.9935
JFM0003373,2026-01-15,181.82
QQQ,2026-01-15,621.78
BCHS.L,2026-01-15,12848.0
GRAB,2026-01-15,4.39
KNSL,2026-01-15,399.303
CNX1.L,2026-01-15,110210.0
IWDG.L,2026-01-15,1152.0
QNTG.L,2026-01-15,19.916
ISPE.L,2026-01-15,6.945
GHYS.L,2026-01-15,89.83
EWQX.L,2026-01-15,530.0
IUAG.L,2026-01-15,94.93
FLOS.L,2026-01-15,475.75
0639.HK,2026-01-15,3.3
IE0008368742,2026-01-16,201.33
IE00B0M63516,2026-01-16,27.09
GB00B1FXTF86,2026-01-16,7.74
IE0008368742,2026-01-16,201.33
LU0196696453,2026-01-16,19.34
MU0129U00005,2026-01-16,345.88
IDTG.L,2026-01-16,2.9845
JFM0003373,2026-01-16,182.36
QQQ,2026-01-16,621.055
BCHS.L,2026-01-16,12982.0
GRAB,2026-01-16,4.38
KNSL,2026-01-16,398.84
CNX1.L,2026-01-16,109580.0
IWDG.L,2026-01-16,1149.5
QNTG.L,2026-01-16,19.89
ISPE.L,2026-01-16,6.916
GHYS.L,2026-01-16,89.765
EWQX.L,2026-01-16,526.4
IUAG.L,2026-01-16,94.92
FLOS.L,2026-01-16,475.85
0639.HK,2026-01-16,3.33
IE0008368742,2026-01-17,201.33
IE00B0M63516,2026-01-17,27.09
GB00B1FXTF86,2026-01-17,7.74
IE0008368742,2026-01-17,201.33
LU0196696453,2026-01-17,19.17
MU0129U00005,2026-01-17,345.88
IDTG.L,2026-01-17,2.9845
JFM0003373,2026-01-17,182.36
QQQ,2026-01-17,621.26
BCHS.L,2026-01-17,12982.0
GRAB,2026-01-17,4.38
KNSL,2026-01-17,398.84
CNX1.L,2026-01-17,109580.0
IWDG.L,2026-01-17,1149.5
QNTG.L,2026-01-17,19.89
ISPE.L,2026-01-17,6.916
GHYS.L,2026-01-17,89.765
EWQX.L,2026-01-17,526.4
IUAG.L,2026-01-17,94.92
FLOS.L,2026-01-17,475.85
0639.HK,2026-01-17,3.33
IE0008368742,2026-01-18,201.33
IE00B0M63516,2026-01-18,27.09
GB00B1FXTF86,2026-01-18,7.74
IE0008368742,2026-01-18,201.33
LU0196696453,2026-01-18,19.17
MU0129U00005,2026-01-18,345.88
IDTG.L,2026-01-18,2.9845
JFM0003373,2026-01-18,182.36
QQQ,2026-01-18,621.055
BCHS.L,2026-01-18,12982.0
GRAB,2026-01-18,4.38
KNSL,2026-01-18,398.84
CNX1.L,2026-01-18,109580.0
IWDG.L,2026-01-18,1149.5
QNTG.L,2026-01-18,19.89
ISPE.L,2026-01-18,6.916
GHYS.L,2026-01-18,89.765
EWQX.L,2026-01-18,526.4
IUAG.L,2026-01-18,94.92
FLOS.L,2026-01-18,475.85
0639.HK,2026-01-18,3.33
IE0008368742,2026-01-19,202.07
IE00B0M63516,2026-01-19,27.24
GB00B1FXTF86,2026-01-19,7.68
IE0008368742,2026-01-19,202.07
LU0196696453,2026-01-19,19.17
MU0129U00005,2026-01-19,344.25
IDTG.L,2026-01-19,2.9500
JFM0003373,2026-01-19,182.59
QQQ,2026-01-19,621.055
BCHS.L,2026-01-19,12608.0
GRAB,2026-01-19,4.38
KNSL,2026-01-19,398.84
CNX1.L,2026-01-19,107590.0
IWDG.L,2026-01-19,1136.0
QNTG.L,2026-01-19,19.668
ISPE.L,2026-01-19,6.864
GHYS.L,2026-01-19,89.46
EWQX.L,2026-01-19,518.65
IUAG.L,2026-01-19,94.56
FLOS.L,2026-01-19,475.45
0639.HK,2026-01-19,3.33
IE0008368742,2026-01-20,202.82
IE00B0M63516,2026-01-20,27.56
GB00B1FXTF86,2026-01-20,7.50
IE0008368742,2026-01-20,202.82
LU0196696453,2026-01-20,19.41
MU0129U00005,2026-01-20,344.25
IDTG.L,2026-01-20,2.9445
JFM0003373,2026-01-20,182.59
QQQ,2026-01-20,608.06
BCHS.L,2026-01-20,12592.0
GRAB,2026-01-20,4.51
KNSL,2026-01-20,404.92
CNX1.L,2026-01-20,107650.0
IWDG.L,2026-01-20,1133.0
QNTG.L,2026-01-20,19.755
ISPE.L,2026-01-20,6.856
GHYS.L,2026-01-20,89.41
EWQX.L,2026-01-20,519.0
IUAG.L,2026-01-20,94.46
FLOS.L,2026-01-20,475.45
0639.HK,2026-01-20,3.39
IE0008368742,2026-01-21,202.02
IE00B0M63516,2026-01-21,28.23
GB00B1FXTF86,2026-01-21,7.47
IE0008368742,2026-01-21,202.02
LU0196696453,2026-01-21,19.54
MU0129U00005,2026-01-21,337.25
IDTG.L,2026-01-21,2.9495
JFM0003373,2026-01-21,182.93
QQQ,2026-01-21,616.28
BCHS.L,2026-01-21,12498.0
GRAB,2026-01-21,4.4
KNSL,2026-01-21,405.378
CNX1.L,2026-01-21,107890.0
IWDG.L,2026-01-21,1132.0
QNTG.L,2026-01-21,19.398
ISPE.L,2026-01-21,6.885
GHYS.L,2026-01-21,89.57
EWQX.L,2026-01-21,522.8
IUAG.L,2026-01-21,94.55
FLOS.L,2026-01-21,475.65
0639.HK,2026-01-21,3.42
IE0008368742,2026-01-22,201.66
IE00B0M63516,2026-01-22,29.56
GB00B1FXTF86,2026-01-22,7.47
IE0008368742,2026-01-22,201.66
LU0196696453,2026-01-22,20.13
MU0129U00005,2026-01-22,332.81
IDTG.L,2026-01-22,2.9580
JFM0003373,2026-01-22,182.67
QQQ,2026-01-22,620.76
BCHS.L,2026-01-22,12264.0
GRAB,2026-01-22,4.55
KNSL,2026-01-22,407.45
CNX1.L,2026-01-22,108540.0
IWDG.L,2026-01-22,1142.5
QNTG.L,2026-01-22,19.59
ISPE.L,2026-01-22,6.952
GHYS.L,2026-01-22,89.94
EWQX.L,2026-01-22,526.1
IUAG.L,2026-01-22,94.625
FLOS.L,2026-01-22,476.35
0639.HK,2026-01-22,3.34
IE0008368742,2026-01-23,202.75
IE00B0M63516,2026-01-23,29.69
GB00B1FXTF86,2026-01-23,7.32
IE0008368742,2026-01-23,202.75
LU0196696453,2026-01-23,20.94
MU0129U00005,2026-01-23,335.94
IDTG.L,2026-01-23,2.9695
JFM0003373,2026-01-23,183.53
QQQ,2026-01-23,622.72
BCHS.L,2026-01-23,12514.0
GRAB,2026-01-23,4.58
KNSL,2026-01-23,406.751
CNX1.L,2026-01-23,108260.0
IWDG.L,2026-01-23,1141.5
QNTG.L,2026-01-23,19.374
ISPE.L,2026-01-23,6.894
GHYS.L,2026-01-23,90.03
EWQX.L,2026-01-23,521.3
IUAG.L,2026-01-23,94.78
FLOS.L,2026-01-23,476.075
0639.HK,2026-01-23,3.38
IE0008368742,2026-01-24,202.75
IE00B0M63516,2026-01-24,29.69
GB00B1FXTF86,2026-01-24,7.32
IE0008368742,2026-01-24,202.75
LU0196696453,2026-01-24,21.04
MU0129U00005,2026-01-24,335.94
IDTG.L,2026-01-24,2.9695
JFM0003373,2026-01-24,183.53
QQQ,2026-01-24,622.72
BCHS.L,2026-01-24,12514.0
GRAB,2026-01-24,4.58
KNSL,2026-01-24,406.7
CNX1.L,2026-01-24,108260.0
IWDG.L,2026-01-24,1141.5
QNTG.L,2026-01-24,19.374
ISPE.L,2026-01-24,6.894
GHYS.L,2026-01-24,90.03
EWQX.L,2026-01-24,521.3
IUAG.L,2026-01-24,94.78
FLOS.L,2026-01-24,476.075
0639.HK,2026-01-24,3.38
IE0008368742,2026-01-25,202.75
IE00B0M63516,2026-01-25,29.69
GB00B1FXTF86,2026-01-25,7.32
IE0008368742,2026-01-25,202.75
LU0196696453,2026-01-25,21.04
MU0129U00005,2026-01-25,335.94
IDTG.L,2026-01-25,2.9695
JFM0003373,2026-01-25,183.53
QQQ,2026-01-25,622.72
BCHS.L,2026-01-25,12514.0
GRAB,2026-01-25,4.58
KNSL,2026-01-25,406.7
CNX1.L,2026-01-25,108260.0
IWDG.L,2026-01-25,1141.5
QNTG.L,2026-01-25,19.374
ISPE.L,2026-01-25,6.894
GHYS.L,2026-01-25,90.03
EWQX.L,2026-01-25,521.3
IUAG.L,2026-01-25,94.78
FLOS.L,2026-01-25,476.075
0639.HK,2026-01-25,3.38
IE0008368742,2026-01-26,201.80
IE00B0M63516,2026-01-26,30.04
GB00B1FXTF86,2026-01-26,7.32
IE0008368742,2026-01-26,201.80
LU0196696453,2026-01-26,21.04
MU0129U00005,2026-01-26,331.27
IDTG.L,2026-01-26,2.9850
JFM0003373,2026-01-26,185.74
QQQ,2026-01-26,625.46
BCHS.L,2026-01-26,12300.0
GRAB,2026-01-26,4.56
KNSL,2026-01-26,402.16
CNX1.L,2026-01-26,107870.0
IWDG.L,2026-01-26,1145.0
QNTG.L,2026-01-26,19.02
ISPE.L,2026-01-26,6.908
GHYS.L,2026-01-26,89.71
EWQX.L,2026-01-26,519.7
IUAG.L,2026-01-26,94.78
FLOS.L,2026-01-26,476.075
0639.HK,2026-01-26,3.37
IE0008368742,2026-01-27,203.40
IE00B0M63516,2026-01-27,31.09
GB00B1FXTF86,2026-01-27,7.25
IE0008368742,2026-01-27,203.40
LU0196696453,2026-01-27,21.26
MU0129U00005,2026-01-27,331.27
IDTG.L,2026-01-27,2.9790
JFM0003373,2026-01-27,186.82
QQQ,2026-01-27,631.13
BCHS.L,2026-01-27,12412.0
GRAB,2026-01-27,4.69
KNSL,2026-01-27,387.11
CNX1.L,2026-01-27,108080.0
IWDG.L,2026-01-27,1149.75
QNTG.L,2026-01-27,18.994
ISPE.L,2026-01-27,6.904
GHYS.L,2026-01-27,89.73
EWQX.L,2026-01-27,518.8
IUAG.L,2026-01-27,94.99
FLOS.L,2026-01-27,476.25
0639.HK,2026-01-27,3.27
IE0008368742,2026-01-28,204.90
IE00B0M63516,2026-01-28,31.30
GB00B1FXTF86,2026-01-28,7.26
IE0008368742,2026-01-28,204.90
LU0196696453,2026-01-28,21.82
MU0129U00005,2026-01-28,329.80
IDTG.L,2026-01-28,2.9615
JFM0003373,2026-01-28,189.23
QQQ,2026-01-28,633.22
BCHS.L,2026-01-28,12532.0
GRAB,2026-01-28,4.53
KNSL,2026-01-28,389.72
CNX1.L,2026-01-28,108420.0
IWDG.L,2026-01-28,1147.0
QNTG.L,2026-01-28,19.144
ISPE.L,2026-01-28,6.903
GHYS.L,2026-01-28,89.91
EWQX.L,2026-01-28,522.95
IUAG.L,2026-01-28,94.73
FLOS.L,2026-01-28,475.85
0639.HK,2026-01-28,3.31
IE0008368742,2026-01-29,205.20
IE00B0M63516,2026-01-29,31.05
GB00B1FXTF86,2026-01-29,7.21
IE0008368742,2026-01-29,205.20
LU0196696453,2026-01-29,21.95
MU0129U00005,2026-01-29,333.28
IDTG.L,2026-01-29,2.9650
JFM0003373,2026-01-29,187.60
QQQ,2026-01-29,629.43
BCHS.L,2026-01-29,12064.0
GRAB,2026-01-29,4.47
KNSL,2026-01-29,395.08
CNX1.L,2026-01-29,106380.0
IWDG.L,2026-01-29,1138.5
QNTG.L,2026-01-29,18.636
ISPE.L,2026-01-29,6.873
GHYS.L,2026-01-29,89.75
EWQX.L,2026-01-29,513.5
IUAG.L,2026-01-29,94.88
FLOS.L,2026-01-29,476.2
0639.HK,2026-01-29,3.35
IE0008368742,2026-01-30,202.83
IE00B0M63516,2026-01-30,30.89
GB00B1FXTF86,2026-01-30,7.26
IE0008368742,2026-01-30,202.83
LU0196696453,2026-01-30,21.64
MU0129U00005,2026-01-30,332.71
IDTG.L,2026-01-30,2.9535
JFM0003373,2026-01-30,186.40
QQQ,2026-01-30,621.87
BCHS.L,2026-01-30,11978.0
GRAB,2026-01-30,4.3
KNSL,2026-01-30,395.37
CNX1.L,2026-01-30,107400.0
IWDG.L,2026-01-30,1141.0
QNTG.L,2026-01-30,18.684
ISPE.L,2026-01-30,6.839
GHYS.L,2026-01-30,89.73
EWQX.L,2026-01-30,513.9
IUAG.L,2026-01-30,94.83
FLOS.L,2026-01-30,476.1
0639.HK,2026-01-30,3.3
IE0008368742,2026-01-31,202.83
IE00B0M63516,2026-01-31,30.89
GB00B1FXTF86,2026-01-31,7.26
IE0008368742,2026-01-31,202.83
LU0196696453,2026-01-31,21.73
MU0129U00005,2026-01-31,332.71
IDTG.L,2026-01-31,2.9535
JFM0003373,2026-01-31,186.40
QQQ,2026-01-31,621.87
BCHS.L,2026-01-31,11978.0
GRAB,2026-01-31,4.3
KNSL,2026-01-31,395.88
CNX1.L,2026-01-31,107400.0
IWDG.L,2026-01-31,1141.0
QNTG.L,2026-01-31,18.684
ISPE.L,2026-01-31,6.839
GHYS.L,2026-01-31,89.73
EWQX.L,2026-01-31,513.9
IUAG.L,2026-01-31,94.83
FLOS.L,2026-01-31,476.1
0639.HK,2026-01-31,3.3
